h2h_player1_wins,h2h_player2_wins,homeaway_avg_odds1,homeaway_avg_odds2,market_odds_check,match_id,match_url,player1,player2,set_odds_handicap_player1,set_odds_handicap_player2,set_odds_player1_wins_2_0,set_odds_player1_wins_3_0,set_odds_player1_wins_set,set_odds_player2_wins_2_0,set_odds_player2_wins_3_0,set_odds_player2_wins_set,set_odds_table_player1_minus_1_5,set_odds_table_player1_plus_1_5,set_odds_table_player2_minus_1_5,set_odds_table_player2_plus_1_5,set_odds_validation,source_lines_sample,title
0,1,1.97,1.82,ok,3212449,https://www.tennisexplorer.com/match-detail/?id=3212449,Llamas Ruiz,Tirante,Llamas Ruiz Pablo,Tirante Thiago Agustin,,4.94,1.17,,4.34,1.15,2.66,1.5,1.43,2.46,fallback_parser_order,"[""Tennis Explorer - Match detail"", ""New registration"", ""|"", ""Lost password"", ""TennisExplorer"", ""LIVE Scores"", ""24.05. 05:46,"", ""GMT+1"", ""Home page"", ""Today's matches"", ""Rankings"", ""Players"", ""LIVE Scores"", ""Results"", ""Tours calendar"", ""Tennis news"", ""Official webs"", ""Basel"", ""Vienna"", ""WTA Elite Trophy"", ""TennisExplorer"", ""on Facebook"", ""Llamas Ruiz - Tirante"", ""Today"", "", 11:00,"", ""French Open"", "", 1. round, clay"", ""Llamas Ruiz Pablo"", ""Tirante Thiago Agustin"", ""124."", ""Singles ranking"", ""58."", ""13. 10. 2002"", ""Birthdate"", ""10. 4. 2001"", ""-"", ""Height"", ""185 cm"", ""-"", ""Weight"", ""78 kg"", ""right"", ""Plays"", ""right"", ""-"", ""Turned pro"", ""-"", ""Live streams"", ""1xBet"", "","", ""Unibet"", "","", ""bet365"", ""W/L - 2026"", ""Career - Llamas Ruiz"", ""Career - Tirante"", ""Surface"", ""Llamas Ruiz Pablo"", ""Tirante Thiago Agustin"", ""Indoors"", ""2/1"", ""-"", ""Clay"", ""20/5"", ""11/6"", ""Grass"", ""-"", ""-"", ""Hard"", ""5/4"", ""7/6"", ""Not set"", ""-"", ""-"", ""Year"", ""Summary"", ""Clay"", ""Hard"", ""Indoors"", ""Grass"", ""Not set"", ""Summary:"", ""211/135"", ""170/92"", ""30/31"", ""8/10"", ""1/2"", ""2/0"", ""2026"", ""27/10"", ""20/5"", ""5/4"", ""2/1"", ""-"", ""-"", ""2025"", ""33/21"", ""25/13"", ""5/5"", ""1/2"", ""0/1"", ""2/0"", ""2024"", ""16/16"", ""10/8"", ""2/5"", ""4/3"", ""-"", ""-"", ""2023"", ""47/26"", ""33/15"", ""12/6"", ""1/4"", ""1/1"", ""-"", ""2022"", ""38/24"", ""36/20"", ""2/4""]",Llamas Ruiz - Tirante
,,1.2,4.59,ok,3211699,https://www.tennisexplorer.com/match-detail/?id=3211699,Khachanov,Gea,Khachanov Karen,Gea Arthur,,2.24,1.01,,11.96,1.54,1.41,1.09,2.71,6.73,fallback_parser_order,"[""Tennis Explorer - Match detail"", ""New registration"", ""|"", ""Lost password"", ""TennisExplorer"", ""LIVE Scores"", ""24.05. 05:46,"", ""GMT+1"", ""Home page"", ""Today's matches"", ""Rankings"", ""Players"", ""LIVE Scores"", ""Results"", ""Tours calendar"", ""Tennis news"", ""Official webs"", ""Basel"", ""Vienna"", ""WTA Elite Trophy"", ""TennisExplorer"", ""on Facebook"", ""Khachanov - Gea"", ""Today"", "", 11:00,"", ""French Open"", "", 1. round, clay"", ""Khachanov Karen"", ""Gea Arthur"", ""15."", ""Singles ranking"", ""140."", ""21. 5. 1996"", ""Birthdate"", ""2. 1. 2005"", ""198 cm"", ""Height"", ""180 cm"", ""87 kg"", ""Weight"", ""72 kg"", ""right"", ""Plays"", ""right"", ""-"", ""Turned pro"", ""-"", ""Live streams"", ""TV"", ""1xBet"", "","", ""Unibet"", "","", ""bet365"", ""TNT Sports Extra (Gbr), TNT Sports 1 (Gbr), TNT Sports 4 (Gbr)"", ""W/L - 2026"", ""Career - Khachanov"", ""Career - Gea"", ""Surface"", ""Khachanov Karen"", ""Gea Arthur"", ""Indoors"", ""1/1"", ""2/1"", ""Clay"", ""5/5"", ""12/7"", ""Grass"", ""-"", ""-"", ""Hard"", ""8/7"", ""9/1"", ""Not set"", ""-"", ""-"", ""Year"", ""Summary"", ""Clay"", ""Hard"", ""Indoors"", ""Grass"", ""Not set"", ""Summary:"", ""478/326"", ""118/84"", ""189/128"", ""127/84"", ""37/23"", ""7/7"", ""2026"", ""14/13"", ""5/5"", ""8/7"", ""1/1"", ""-"", ""-"", ""2025"", ""34/24"", ""9/6"", ""13/11"", ""2/4"", ""10/3"", ""-"", ""2024"", ""37/23"", ""8/4"", ""14/13"", ""14/3"", ""1/3"", ""-"", ""2023"", ""34/18"", ""10/5"", ""18/10"", ""6/3"", ""-"", ""-"", ""2022"", ""36/25""]",Khachanov - Gea
2,0,1.13,5.87,ok,3211695,https://www.tennisexplorer.com/match-detail/?id=3211695,Davidovich Fokina,Dzumhur,Davidovich Fokina Alejandro,Dzumhur Damir,,1.93,0.0,,16.06,1.75,1.32,1.05,3.13,8.64,fallback_parser_order,"[""Tennis Explorer - Match detail"", ""New registration"", ""|"", ""Lost password"", ""TennisExplorer"", ""LIVE Scores"", ""24.05. 05:46,"", ""GMT+1"", ""Home page"", ""Today's matches"", ""Rankings"", ""Players"", ""LIVE Scores"", ""Results"", ""Tours calendar"", ""Tennis news"", ""Official webs"", ""Basel"", ""Vienna"", ""WTA Elite Trophy"", ""TennisExplorer"", ""on Facebook"", ""Davidovich Fokina - Dzumhur"", ""Today"", "", 11:00,"", ""French Open"", "", 1. round, clay"", ""Davidovich Fokina Alejandro"", ""Dzumhur Damir"", ""23."", ""Singles ranking"", ""87."", ""5. 6. 1999"", ""Birthdate"", ""20. 5. 1992"", ""183 cm"", ""Height"", ""175 cm"", ""80 kg"", ""Weight"", ""68 kg"", ""right"", ""Plays"", ""right"", ""-"", ""Turned pro"", ""-"", ""Live streams"", ""1xBet"", "","", ""Unibet"", "","", ""bet365"", ""W/L - 2026"", ""Career - Davidovich Fokina"", ""Career - Dzumhur"", ""Surface"", ""Davidovich Fokina Alejandro"", ""Dzumhur Damir"", ""Indoors"", ""2/1"", ""-"", ""Clay"", ""3/3"", ""7/10"", ""Grass"", ""-"", ""-"", ""Hard"", ""7/6"", ""2/7"", ""Not set"", ""-"", ""-"", ""Year"", ""Summary"", ""Clay"", ""Hard"", ""Indoors"", ""Grass"", ""Not set"", ""Summary:"", ""327/243"", ""126/86"", ""145/96"", ""40/42"", ""15/17"", ""1/2"", ""2026"", ""12/10"", ""3/3"", ""7/6"", ""2/1"", ""-"", ""-"", ""2025"", ""45/27"", ""9/6"", ""22/14"", ""9/5"", ""5/2"", ""-"", ""2024"", ""20/22"", ""2/5"", ""13/12"", ""5/4"", ""0/1"", ""-"", ""2023"", ""32/30"", ""9/8"", ""18/11"", ""2/4"", ""2/5"", ""1/2"", ""2022"", ""21/26"", ""11/8"", ""7/9""]",Davidovich Fokina - Dzumhur
1,1,2.43,1.56,ok,3211693,https://www.tennisexplorer.com/match-detail/?id=3211693,Duckworth,Diallo,Duckworth James,Diallo Gabriel,,6.51,1.25,,3.53,1.08,3.47,1.72,1.27,2.02,fallback_parser_order,"[""Tennis Explorer - Match detail"", ""New registration"", ""|"", ""Lost password"", ""TennisExplorer"", ""LIVE Scores"", ""24.05. 05:46,"", ""GMT+1"", ""Home page"", ""Today's matches"", ""Rankings"", ""Players"", ""LIVE Scores"", ""Results"", ""Tours calendar"", ""Tennis news"", ""Official webs"", ""Basel"", ""Vienna"", ""WTA Elite Trophy"", ""TennisExplorer"", ""on Facebook"", ""Duckworth - Diallo"", ""Today"", "", 11:00,"", ""French Open"", "", 1. round, clay"", ""Duckworth James"", ""Diallo Gabriel"", ""83."", ""Singles ranking"", ""48."", ""21. 1. 1992"", ""Birthdate"", ""24. 9. 2001"", ""183 cm"", ""Height"", ""-"", ""82 kg"", ""Weight"", ""-"", ""right"", ""Plays"", ""right"", ""-"", ""Turned pro"", ""-"", ""Live streams"", ""1xBet"", "","", ""Unibet"", "","", ""bet365"", ""W/L - 2026"", ""Career - Duckworth"", ""Career - Diallo"", ""Surface"", ""Duckworth James"", ""Diallo Gabriel"", ""Indoors"", ""0/1"", ""0/1"", ""Clay"", ""10/3"", ""1/4"", ""Grass"", ""-"", ""-"", ""Hard"", ""5/8"", ""4/6"", ""Not set"", ""-"", ""-"", ""Year"", ""Summary"", ""Clay"", ""Hard"", ""Indoors"", ""Grass"", ""Not set"", ""Summary:"", ""557/366"", ""120/67"", ""333/213"", ""53/40"", ""51/45"", ""0/1"", ""2026"", ""15/13"", ""10/3"", ""5/8"", ""0/1"", ""-"", ""0/1"", ""2025"", ""46/34"", ""6/4"", ""29/21"", ""6/3"", ""5/6"", ""-"", ""2024"", ""42/29"", ""2/3"", ""23/14"", ""7/7"", ""10/5"", ""-"", ""2023"", ""51/28"", ""1/3"", ""43/21"", ""5/2"", ""2/2"", ""-"", ""2022"", ""24/27"", ""0/2"", ""20/18""]",Duckworth - Diallo
0,1,1.63,2.26,ok,3211687,https://www.tennisexplorer.com/match-detail/?id=3211687,Kecmanovic,Marozsan,Kecmanovic Miomir,Marozsan Fabian,,3.79,1.1,,6.31,1.22,2.13,1.31,1.65,3.21,fallback_parser_order,"[""Tennis Explorer - Match detail"", ""New registration"", ""|"", ""Lost password"", ""TennisExplorer"", ""LIVE Scores"", ""24.05. 05:46,"", ""GMT+1"", ""Home page"", ""Today's matches"", ""Rankings"", ""Players"", ""LIVE Scores"", ""Results"", ""Tours calendar"", ""Tennis news"", ""Official webs"", ""Basel"", ""Vienna"", ""WTA Elite Trophy"", ""TennisExplorer"", ""on Facebook"", ""Kecmanovic - Marozsan"", ""Today"", "", 11:00,"", ""French Open"", "", 1. round, clay"", ""Kecmanovic Miomir"", ""Marozsan Fabian"", ""47."", ""Singles ranking"", ""52."", ""31. 8. 1999"", ""Birthdate"", ""8. 10. 1999"", ""183 cm"", ""Height"", ""-"", ""75 kg"", ""Weight"", ""-"", ""right"", ""Plays"", ""right"", ""-"", ""Turned pro"", ""-"", ""Live streams"", ""1xBet"", "","", ""Unibet"", "","", ""bet365"", ""W/L - 2026"", ""Career - Kecmanovic"", ""Career - Marozsan"", ""Surface"", ""Kecmanovic Miomir"", ""Marozsan Fabian"", ""Indoors"", ""2/2"", ""-"", ""Clay"", ""6/4"", ""5/5"", ""Grass"", ""-"", ""-"", ""Hard"", ""6/8"", ""6/7"", ""Not set"", ""-"", ""-"", ""Year"", ""Summary"", ""Clay"", ""Hard"", ""Indoors"", ""Grass"", ""Not set"", ""Summary:"", ""344/271"", ""135/86"", ""149/120"", ""35/38"", ""18/22"", ""7/5"", ""2026"", ""14/14"", ""6/4"", ""6/8"", ""2/2"", ""-"", ""-"", ""2025"", ""28/30"", ""5/7"", ""15/14"", ""4/5"", ""2/3"", ""2/1"", ""2024"", ""26/31"", ""6/6"", ""10/15"", ""5/5"", ""4/4"", ""1/1"", ""2023"", ""28/31"", ""9/9"", ""11/13"", ""3/5"", ""2/4"", ""3/0"", ""2022"", ""40/26"", ""15/8"", ""21/11""]",Kecmanovic - Marozsan
,,1.79,2.02,ok,3212451,https://www.tennisexplorer.com/match-detail/?id=3212451,Jacquet,Trungelliti,Jacquet Kyrian,Trungelliti Marco,,4.33,1.14,,5.08,1.18,2.39,1.41,1.52,2.72,fallback_parser_order,"[""Tennis Explorer - Match detail"", ""New registration"", ""|"", ""Lost password"", ""TennisExplorer"", ""LIVE Scores"", ""24.05. 05:46,"", ""GMT+1"", ""Home page"", ""Today's matches"", ""Rankings"", ""Players"", ""LIVE Scores"", ""Results"", ""Tours calendar"", ""Tennis news"", ""Official webs"", ""Basel"", ""Vienna"", ""WTA Elite Trophy"", ""TennisExplorer"", ""on Facebook"", ""Jacquet - Trungelliti"", ""Today"", "", 12:30,"", ""French Open"", "", 1. round, clay"", ""Jacquet Kyrian"", ""Trungelliti Marco"", ""147."", ""Singles ranking"", ""81."", ""11. 5. 2001"", ""Birthdate"", ""31. 1. 1990"", ""175 cm"", ""Height"", ""178 cm"", ""65 kg"", ""Weight"", ""78 kg"", ""right"", ""Plays"", ""right"", ""-"", ""Turned pro"", ""-"", ""Live streams"", ""1xBet"", "","", ""Unibet"", "","", ""bet365"", ""W/L - 2026"", ""Career - Jacquet"", ""Career - Trungelliti"", ""Surface"", ""Jacquet Kyrian"", ""Trungelliti Marco"", ""Indoors"", ""0/1"", ""-"", ""Clay"", ""6/2"", ""15/8"", ""Grass"", ""-"", ""-"", ""Hard"", ""8/2"", ""2/3"", ""Not set"", ""-"", ""-"", ""Year"", ""Summary"", ""Clay"", ""Hard"", ""Indoors"", ""Grass"", ""Not set"", ""Summary:"", ""237/169"", ""102/71"", ""79/45"", ""54/50"", ""2/3"", ""-"", ""2026"", ""14/5"", ""6/2"", ""8/2"", ""0/1"", ""-"", ""-"", ""2025"", ""42/24"", ""7/9"", ""20/8"", ""13/5"", ""2/2"", ""-"", ""2024"", ""23/17"", ""12/8"", ""8/5"", ""3/3"", ""0/1"", ""-"", ""2023"", ""39/22"", ""27/15"", ""11/5"", ""1/2"", ""-"", ""-"", ""2022"", ""31/25"", ""19/13"", ""9/5""]",Jacquet - Trungelliti
1,2,1.59,2.35,ok,3211721,https://www.tennisexplorer.com/match-detail/?id=3211721,Machac,Bergs,Machac Tomas,Bergs Zizou,,3.57,1.1,,6.28,1.26,2.03,1.29,1.71,3.33,fallback_parser_order,"[""Tennis Explorer - Match detail"", ""New registration"", ""|"", ""Lost password"", ""TennisExplorer"", ""LIVE Scores"", ""24.05. 05:46,"", ""GMT+1"", ""Home page"", ""Today's matches"", ""Rankings"", ""Players"", ""LIVE Scores"", ""Results"", ""Tours calendar"", ""Tennis news"", ""Official webs"", ""Basel"", ""Vienna"", ""WTA Elite Trophy"", ""TennisExplorer"", ""on Facebook"", ""Machac - Bergs"", ""Today"", "", 13:00,"", ""French Open"", "", 1. round, clay"", ""Machac Tomas"", ""Bergs Zizou"", ""40."", ""Singles ranking"", ""38."", ""13. 10. 2000"", ""Birthdate"", ""3. 6. 1999"", ""183 cm"", ""Height"", ""185 cm"", ""73 kg"", ""Weight"", ""83 kg"", ""right"", ""Plays"", ""right"", ""-"", ""Turned pro"", ""-"", ""Live streams"", ""1xBet"", "","", ""bet365"", "","", ""Unibet"", ""W/L - 2026"", ""Career - Machac"", ""Career - Bergs"", ""Surface"", ""Machac Tomas"", ""Bergs Zizou"", ""Indoors"", ""0/1"", ""0/1"", ""Clay"", ""6/5"", ""7/6"", ""Grass"", ""-"", ""-"", ""Hard"", ""8/4"", ""6/6"", ""Not set"", ""-"", ""-"", ""Year"", ""Summary"", ""Clay"", ""Hard"", ""Indoors"", ""Grass"", ""Not set"", ""Summary:"", ""308/172"", ""90/58"", ""96/48"", ""105/55"", ""9/8"", ""8/3"", ""2026"", ""13/9"", ""5/4"", ""8/4"", ""0/1"", ""-"", ""-"", ""2025"", ""24/21"", ""2/5"", ""16/11"", ""2/3"", ""3/2"", ""1/0"", ""2024"", ""37/24"", ""9/5"", ""22/11"", ""5/4"", ""1/2"", ""0/2"", ""2023"", ""52/27"", ""15/11"", ""15/10"", ""15/5"", ""3/1"", ""4/0"", ""2022"", ""47/19"", ""5/1"", ""24/6""]",Machac - Bergs
0,2,1.42,2.84,ok,3211685,https://www.tennisexplorer.com/match-detail/?id=3211685,Etcheverry,Borges,Etcheverry Tomas Martin,Borges Nuno,,3.09,1.05,,8.25,1.32,1.79,1.2,1.92,4.11,fallback_parser_order,"[""Tennis Explorer - Match detail"", ""New registration"", ""|"", ""Lost password"", ""TennisExplorer"", ""LIVE Scores"", ""24.05. 05:46,"", ""GMT+1"", ""Home page"", ""Today's matches"", ""Rankings"", ""Players"", ""LIVE Scores"", ""Results"", ""Tours calendar"", ""Tennis news"", ""Official webs"", ""Basel"", ""Vienna"", ""WTA Elite Trophy"", ""TennisExplorer"", ""on Facebook"", ""Etcheverry - Borges"", ""Today"", "", 13:00,"", ""French Open"", "", 1. round, clay"", ""Etcheverry Tomas Martin"", ""Borges Nuno"", ""25."", ""Singles ranking"", ""50."", ""18. 7. 1999"", ""Birthdate"", ""19. 2. 1997"", ""196 cm"", ""Height"", ""185 cm"", ""82 kg"", ""Weight"", ""75 kg"", ""right"", ""Plays"", ""right"", ""-"", ""Turned pro"", ""-"", ""Live streams"", ""1xBet"", "","", ""Unibet"", "","", ""bet365"", ""W/L - 2026"", ""Career - Etcheverry"", ""Career - Borges"", ""Surface"", ""Etcheverry Tomas Martin"", ""Borges Nuno"", ""Indoors"", ""-"", ""-"", ""Clay"", ""16/7"", ""4/6"", ""Grass"", ""-"", ""-"", ""Hard"", ""5/5"", ""7/8"", ""Not set"", ""-"", ""-"", ""Year"", ""Summary"", ""Clay"", ""Hard"", ""Indoors"", ""Grass"", ""Not set"", ""Summary:"", ""403/249"", ""322/168"", ""54/55"", ""15/12"", ""6/12"", ""6/2"", ""2026"", ""21/12"", ""16/7"", ""5/5"", ""-"", ""-"", ""-"", ""2025"", ""32/33"", ""10/14"", ""10/10"", ""6/4"", ""3/4"", ""3/1"", ""2024"", ""33/30"", ""20/12"", ""7/10"", ""3/4"", ""1/3"", ""2/1"", ""2023"", ""39/29"", ""26/14"", ""8/11"", ""3/2"", ""1/2"", ""1/0"", ""2022"", ""54/33"", ""49/25"", ""4/5""]",Etcheverry - Borges
,,15.27,1.02,ok,3211723,https://www.tennisexplorer.com/match-detail/?id=3211723,Bonzi,Zverev,Bonzi Benjamin,Zverev Alexander,,42.13,2.55,,1.43,,0.0,6.84,0.0,1.08,fallback_parser_order,"[""Tennis Explorer - Match detail"", ""New registration"", ""|"", ""Lost password"", ""TennisExplorer"", ""LIVE Scores"", ""24.05. 05:46,"", ""GMT+1"", ""Home page"", ""Today's matches"", ""Rankings"", ""Players"", ""LIVE Scores"", ""Results"", ""Tours calendar"", ""Tennis news"", ""Official webs"", ""Basel"", ""Vienna"", ""WTA Elite Trophy"", ""TennisExplorer"", ""on Facebook"", ""Bonzi - Zverev"", ""Today"", "", 13:30,"", ""French Open"", "", 1. round, clay"", ""Bonzi Benjamin"", ""Zverev Alexander"", ""98."", ""Singles ranking"", ""3."", ""9. 6. 1996"", ""Birthdate"", ""20. 4. 1997"", ""185 cm"", ""Height"", ""198 cm"", ""76 kg"", ""Weight"", ""90 kg"", ""right"", ""Plays"", ""right"", ""-"", ""Turned pro"", ""-"", ""Live streams"", ""TV"", ""1xBet"", "","", ""Unibet"", "","", ""bet365"", ""TNT Sports Extra (Gbr), TNT Sports 1 (Gbr), TNT Sports 4 (Gbr)"", ""W/L - 2026"", ""Career - Bonzi"", ""Career - Zverev"", ""Surface"", ""Bonzi Benjamin"", ""Zverev Alexander"", ""Indoors"", ""8/3"", ""-"", ""Clay"", ""4/5"", ""13/4"", ""Grass"", ""-"", ""-"", ""Hard"", ""6/6"", ""15/5"", ""Not set"", ""-"", ""-"", ""Year"", ""Summary"", ""Clay"", ""Hard"", ""Indoors"", ""Grass"", ""Not set"", ""Summary:"", ""506/325"", ""140/103"", ""193/108"", ""145/93"", ""27/17"", ""1/4"", ""2026"", ""18/14"", ""4/5"", ""6/6"", ""8/3"", ""-"", ""-"", ""2025"", ""23/25"", ""2/4"", ""15/13"", ""3/4"", ""3/4"", ""-"", ""2024"", ""51/33"", ""7/10"", ""13/13"", ""25/7"", ""6/3"", ""-"", ""2023"", ""31/27"", ""2/4"", ""10/8"", ""19/11"", ""0/3"", ""0/1"", ""2022"", ""35/27""]",Bonzi - Zverev
,,4.74,1.19,ok,3212445,https://www.tennisexplorer.com/match-detail/?id=3212445,Zheng,Prizmic,Zheng Michael,Prizmic Dino,,14.58,1.65,,2.12,1.01,6.91,2.81,1.08,1.38,fallback_parser_order,"[""Tennis Explorer - Match detail"", ""New registration"", ""|"", ""Lost password"", ""TennisExplorer"", ""LIVE Scores"", ""24.05. 05:46,"", ""GMT+1"", ""Home page"", ""Today's matches"", ""Rankings"", ""Players"", ""LIVE Scores"", ""Results"", ""Tours calendar"", ""Tennis news"", ""Official webs"", ""Basel"", ""Vienna"", ""WTA Elite Trophy"", ""TennisExplorer"", ""on Facebook"", ""Zheng - Prizmic"", ""Today"", "", 14:00,"", ""French Open"", "", 1. round, clay"", ""Zheng Michael"", ""Prizmic Dino"", ""146."", ""Singles ranking"", ""71."", ""27. 1. 2004"", ""Birthdate"", ""5. 8. 2005"", ""-"", ""Height"", ""-"", ""-"", ""Weight"", ""-"", ""right"", ""Plays"", ""right"", ""-"", ""Turned pro"", ""-"", ""Live streams"", ""1xBet"", "","", ""Unibet"", "","", ""bet365"", ""W/L - 2026"", ""Career - Zheng"", ""Career - Prizmic"", ""Surface"", ""Zheng Michael"", ""Prizmic Dino"", ""Indoors"", ""0/1"", ""-"", ""Clay"", ""3/1"", ""19/6"", ""Grass"", ""-"", ""-"", ""Hard"", ""7/3"", ""5/3"", ""Not set"", ""-"", ""-"", ""Year"", ""Summary"", ""Clay"", ""Hard"", ""Indoors"", ""Grass"", ""Not set"", ""Summary:"", ""85/46"", ""15/8"", ""60/29"", ""10/7"", ""0/1"", ""0/1"", ""2026"", ""10/5"", ""3/1"", ""7/3"", ""0/1"", ""-"", ""-"", ""2025"", ""29/9"", ""-"", ""22/6"", ""7/2"", ""0/1"", ""-"", ""2024"", ""9/6"", ""-"", ""9/5"", ""0/1"", ""-"", ""-"", ""2023"", ""13/11"", ""-"", ""13/10"", ""0/1"", ""-"", ""-"", ""2022"", ""11/7"", ""9/5"", ""2/1""]",Zheng - Prizmic
0,2,1.69,2.15,ok,3211705,https://www.tennisexplorer.com/match-detail/?id=3211705,Halys,Bellucci,Halys Quentin,Bellucci Mattia,,4.0,1.12,,5.69,1.2,2.23,1.35,1.59,2.99,fallback_parser_order,"[""Tennis Explorer - Match detail"", ""New registration"", ""|"", ""Lost password"", ""TennisExplorer"", ""LIVE Scores"", ""24.05. 05:46,"", ""GMT+1"", ""Home page"", ""Today's matches"", ""Rankings"", ""Players"", ""LIVE Scores"", ""Results"", ""Tours calendar"", ""Tennis news"", ""Official webs"", ""Basel"", ""Vienna"", ""WTA Elite Trophy"", ""TennisExplorer"", ""on Facebook"", ""Halys - Bellucci"", ""Today"", "", 14:00,"", ""French Open"", "", 1. round, clay"", ""Halys Quentin"", ""Bellucci Mattia"", ""88."", ""Singles ranking"", ""72."", ""26. 10. 1996"", ""Birthdate"", ""1. 6. 2001"", ""191 cm"", ""Height"", ""-"", ""78 kg"", ""Weight"", ""-"", ""right"", ""Plays"", ""left"", ""-"", ""Turned pro"", ""-"", ""Live streams"", ""1xBet"", "","", ""Unibet"", "","", ""bet365"", ""W/L - 2026"", ""Career - Halys"", ""Career - Bellucci"", ""Surface"", ""Halys Quentin"", ""Bellucci Mattia"", ""Indoors"", ""1/2"", ""0/1"", ""Clay"", ""4/5"", ""7/6"", ""Grass"", ""-"", ""-"", ""Hard"", ""15/9"", ""12/9"", ""Not set"", ""-"", ""-"", ""Year"", ""Summary"", ""Clay"", ""Hard"", ""Indoors"", ""Grass"", ""Not set"", ""Summary:"", ""476/374"", ""126/112"", ""154/121"", ""171/122"", ""24/19"", ""1/0"", ""2026"", ""20/16"", ""4/5"", ""15/9"", ""1/2"", ""-"", ""-"", ""2025"", ""22/32"", ""5/6"", ""12/14"", ""3/8"", ""2/4"", ""-"", ""2024"", ""53/28"", ""16/11"", ""6/6"", ""25/10"", ""5/1"", ""1/0"", ""2023"", ""30/29"", ""12/7"", ""11/13"", ""4/8"", ""3/1"", ""-"", ""2022"", ""58/27"", ""10/5"", ""5/7""]",Halys - Bellucci
1,2,2.85,1.42,ok,3211683,https://www.tennisexplorer.com/match-detail/?id=3211683,Droguet,Mensik,Droguet Titouan,Mensik Jakub,,7.89,1.33,,3.03,1.06,4.04,1.92,1.21,1.8,fallback_parser_order,"[""Tennis Explorer - Match detail"", ""New registration"", ""|"", ""Lost password"", ""TennisExplorer"", ""LIVE Scores"", ""24.05. 05:46,"", ""GMT+1"", ""Home page"", ""Today's matches"", ""Rankings"", ""Players"", ""LIVE Scores"", ""Results"", ""Tours calendar"", ""Tennis news"", ""Official webs"", ""Basel"", ""Vienna"", ""WTA Elite Trophy"", ""TennisExplorer"", ""on Facebook"", ""Droguet - Mensik"", ""Today"", "", 14:00,"", ""French Open"", "", 1. round, clay"", ""Droguet Titouan"", ""Mensik Jakub"", ""110."", ""Singles ranking"", ""28."", ""15. 6. 2001"", ""Birthdate"", ""1. 9. 2005"", ""-"", ""Height"", ""-"", ""-"", ""Weight"", ""-"", ""right"", ""Plays"", ""right"", ""-"", ""Turned pro"", ""-"", ""Live streams"", ""TV"", ""1xBet"", "","", ""Unibet"", "","", ""bet365"", ""TNT Sports Extra (Gbr), TNT Sports 1 (Gbr), TNT Sports 4 (Gbr)"", ""W/L - 2026"", ""Career - Droguet"", ""Career - Mensik"", ""Surface"", ""Droguet Titouan"", ""Mensik Jakub"", ""Indoors"", ""11/4"", ""-"", ""Clay"", ""8/5"", ""3/3"", ""Grass"", ""-"", ""-"", ""Hard"", ""2/2"", ""15/7"", ""Not set"", ""-"", ""-"", ""Year"", ""Summary"", ""Clay"", ""Hard"", ""Indoors"", ""Grass"", ""Not set"", ""Summary:"", ""294/156"", ""154/73"", ""52/27"", ""83/53"", ""5/3"", ""-"", ""2026"", ""21/11"", ""8/5"", ""2/2"", ""11/4"", ""-"", ""-"", ""2025"", ""47/26"", ""22/9"", ""7/7"", ""16/9"", ""2/1"", ""-"", ""2024"", ""41/28"", ""20/9"", ""6/5"", ""12/12"", ""3/2"", ""-"", ""2023"", ""44/24"", ""27/16"", ""4/1"", ""13/7"", ""-"", ""-"", ""2022"", ""57/24""]",Droguet - Mensik
,,1.47,2.68,ok,3212453,https://www.tennisexplorer.com/match-detail/?id=3212453,Cina,Opelka,Cina Federico,Opelka Reilly,,3.39,1.06,,7.94,1.27,1.88,1.22,1.84,3.87,fallback_parser_order,"[""Tennis Explorer - Match detail"", ""New registration"", ""|"", ""Lost password"", ""TennisExplorer"", ""LIVE Scores"", ""24.05. 05:46,"", ""GMT+1"", ""Home page"", ""Today's matches"", ""Rankings"", ""Players"", ""LIVE Scores"", ""Results"", ""Tours calendar"", ""Tennis news"", ""Official webs"", ""Basel"", ""Vienna"", ""WTA Elite Trophy"", ""TennisExplorer"", ""on Facebook"", ""Cina - Opelka"", ""Today"", "", 14:30,"", ""French Open"", "", 1. round, clay"", ""Cina Federico"", ""Opelka Reilly"", ""216."", ""Singles ranking"", ""75."", ""30. 3. 2007"", ""Birthdate"", ""28. 8. 1997"", ""-"", ""Height"", ""211 cm"", ""-"", ""Weight"", ""102 kg"", ""right"", ""Plays"", ""right"", ""-"", ""Turned pro"", ""-"", ""Live streams"", ""1xBet"", "","", ""Unibet"", "","", ""bet365"", ""W/L - 2026"", ""Career - Cina"", ""Career - Opelka"", ""Surface"", ""Cina Federico"", ""Opelka Reilly"", ""Indoors"", ""-"", ""-"", ""Clay"", ""7/7"", ""0/2"", ""Grass"", ""-"", ""-"", ""Hard"", ""9/4"", ""6/5"", ""Not set"", ""-"", ""-"", ""Year"", ""Summary"", ""Clay"", ""Hard"", ""Indoors"", ""Grass"", ""Not set"", ""Summary:"", ""81/59"", ""31/27"", ""45/27"", ""5/5"", ""-"", ""-"", ""2026"", ""16/11"", ""7/7"", ""9/4"", ""-"", ""-"", ""-"", ""2025"", ""32/21"", ""10/9"", ""17/7"", ""5/5"", ""-"", ""-"", ""2024"", ""31/23"", ""13/8"", ""18/15"", ""-"", ""-"", ""-"", ""2023"", ""1/3"", ""0/2"", ""1/1"", ""-"", ""-"", ""-"", ""2022"", ""1/1"", ""1/1"", ""-""]",Cina - Opelka
,,1.27,3.76,ok,3211715,https://www.tennisexplorer.com/match-detail/?id=3211715,Fritz,Basavareddy,Fritz Taylor,Basavareddy Nishesh,,2.49,1.02,,11.49,1.47,1.55,1.12,2.31,5.47,fallback_parser_order,"[""Tennis Explorer - Match detail"", ""New registration"", ""|"", ""Lost password"", ""TennisExplorer"", ""LIVE Scores"", ""24.05. 05:46,"", ""GMT+1"", ""Home page"", ""Today's matches"", ""Rankings"", ""Players"", ""LIVE Scores"", ""Results"", ""Tours calendar"", ""Tennis news"", ""Official webs"", ""Basel"", ""Vienna"", ""WTA Elite Trophy"", ""TennisExplorer"", ""on Facebook"", ""Fritz - Basavareddy"", ""Today"", "", 14:30,"", ""French Open"", "", 1. round, clay"", ""Fritz Taylor"", ""Basavareddy Nishesh"", ""8."", ""Singles ranking"", ""156."", ""28. 10. 1997"", ""Birthdate"", ""2. 5. 2005"", ""193 cm"", ""Height"", ""-"", ""86 kg"", ""Weight"", ""-"", ""right"", ""Plays"", ""right"", ""-"", ""Turned pro"", ""-"", ""Live streams"", ""TV"", ""1xBet"", "","", ""Unibet"", "","", ""bet365"", ""TNT Sports Extra (Gbr), TNT Sports 1 (Gbr), TNT Sports 4 (Gbr)"", ""W/L - 2026"", ""Career - Fritz"", ""Career - Basavareddy"", ""Surface"", ""Fritz Taylor"", ""Basavareddy Nishesh"", ""Indoors"", ""4/1"", ""4/1"", ""Clay"", ""0/1"", ""12/5"", ""Grass"", ""-"", ""-"", ""Hard"", ""8/7"", ""5/3"", ""Not set"", ""-"", ""-"", ""Year"", ""Summary"", ""Clay"", ""Hard"", ""Indoors"", ""Grass"", ""Not set"", ""Summary:"", ""496/292"", ""72/54"", ""289/150"", ""70/52"", ""57/32"", ""8/4"", ""2026"", ""12/9"", ""0/1"", ""8/7"", ""4/1"", ""-"", ""-"", ""2025"", ""55/25"", ""3/4"", ""30/11"", ""8/7"", ""13/2"", ""1/1"", ""2024"", ""53/23"", ""15/7"", ""22/10"", ""4/4"", ""10/2"", ""2/0"", ""2023"", ""56/25"", ""11/6"", ""36/11"", ""6/4"", ""3/4"", ""-"", ""2022"", ""49/21""]",Fritz - Basavareddy
1,1,1.71,2.12,ok,3212447,https://www.tennisexplorer.com/match-detail/?id=3212447,Dellien,Royer,Dellien Hugo,Royer Valentin,,3.98,1.12,,5.4,1.21,2.26,1.36,1.58,2.9,fallback_parser_order,"[""Tennis Explorer - Match detail"", ""New registration"", ""|"", ""Lost password"", ""TennisExplorer"", ""LIVE Scores"", ""24.05. 05:46,"", ""GMT+1"", ""Home page"", ""Today's matches"", ""Rankings"", ""Players"", ""LIVE Scores"", ""Results"", ""Tours calendar"", ""Tennis news"", ""Official webs"", ""Basel"", ""Vienna"", ""WTA Elite Trophy"", ""TennisExplorer"", ""on Facebook"", ""Dellien - Royer"", ""Today"", "", 16:00,"", ""French Open"", "", 1. round, clay"", ""Dellien Hugo"", ""Royer Valentin"", ""139."", ""Singles ranking"", ""73."", ""16. 6. 1993"", ""Birthdate"", ""29. 5. 2001"", ""180 cm"", ""Height"", ""188 cm"", ""75 kg"", ""Weight"", ""83 kg"", ""right"", ""Plays"", ""right"", ""-"", ""Turned pro"", ""-"", ""Live streams"", ""1xBet"", "","", ""Unibet"", "","", ""bet365"", ""W/L - 2026"", ""Career - Dellien"", ""Career - Royer"", ""Surface"", ""Dellien Hugo"", ""Royer Valentin"", ""Indoors"", ""-"", ""0/2"", ""Clay"", ""28/11"", ""8/7"", ""Grass"", ""-"", ""-"", ""Hard"", ""0/1"", ""2/8"", ""Not set"", ""-"", ""-"", ""Year"", ""Summary"", ""Clay"", ""Hard"", ""Indoors"", ""Grass"", ""Not set"", ""Summary:"", ""612/356"", ""577/304"", ""11/33"", ""2/2"", ""2/7"", ""20/10"", ""2026"", ""28/12"", ""28/11"", ""0/1"", ""-"", ""-"", ""-"", ""2025"", ""29/28"", ""27/23"", ""2/4"", ""-"", ""0/1"", ""-"", ""2024"", ""48/29"", ""45/25"", ""1/2"", ""-"", ""1/1"", ""1/1"", ""2023"", ""36/30"", ""36/26"", ""0/3"", ""-"", ""0/1"", ""-"", ""2022"", ""32/18"", ""31/16"", ""-""]",Dellien - Royer
,,1.05,10.42,ok,3212443,https://www.tennisexplorer.com/match-detail/?id=3212443,Fonseca,Pavlovic,Fonseca Joao,Pavlovic Luka,,1.55,,,31.0,2.25,1.13,1.02,5.42,14.15,fallback_parser_order,"[""Tennis Explorer - Match detail"", ""New registration"", ""|"", ""Lost password"", ""TennisExplorer"", ""LIVE Scores"", ""24.05. 05:46,"", ""GMT+1"", ""Home page"", ""Today's matches"", ""Rankings"", ""Players"", ""LIVE Scores"", ""Results"", ""Tours calendar"", ""Tennis news"", ""Official webs"", ""Basel"", ""Vienna"", ""WTA Elite Trophy"", ""TennisExplorer"", ""on Facebook"", ""Fonseca - Pavlovic"", ""Today"", "", 16:00,"", ""French Open"", "", 1. round, clay"", ""Fonseca Joao"", ""Pavlovic Luka"", ""30."", ""Singles ranking"", ""240."", ""21. 8. 2006"", ""Birthdate"", ""30. 3. 2000"", ""185 cm"", ""Height"", ""-"", ""73 kg"", ""Weight"", ""-"", ""right"", ""Plays"", ""right"", ""-"", ""Turned pro"", ""-"", ""Live streams"", ""TV"", ""1xBet"", "","", ""Unibet"", "","", ""bet365"", ""TNT Sports Extra (Gbr), TNT Sports 1 (Gbr), TNT Sports 4 (Gbr)"", ""W/L - 2026"", ""Career - Fonseca"", ""Career - Pavlovic"", ""Surface"", ""Fonseca Joao"", ""Pavlovic Luka"", ""Indoors"", ""-"", ""2/1"", ""Clay"", ""7/6"", ""9/7"", ""Grass"", ""-"", ""-"", ""Hard"", ""4/3"", ""3/3"", ""Not set"", ""-"", ""-"", ""Year"", ""Summary"", ""Clay"", ""Hard"", ""Indoors"", ""Grass"", ""Not set"", ""Summary:"", ""102/61"", ""43/31"", ""33/14"", ""17/7"", ""5/7"", ""4/2"", ""2026"", ""10/9"", ""6/6"", ""4/3"", ""-"", ""-"", ""-"", ""2025"", ""39/18"", ""8/5"", ""20/6"", ""6/3"", ""3/3"", ""2/1"", ""2024"", ""37/23"", ""14/11"", ""8/3"", ""11/4"", ""2/4"", ""2/1"", ""2023"", ""11/6"", ""10/5"", ""1/1"", ""-"", ""-"", ""-"", ""2022"", ""5/4""]",Fonseca - Pavlovic
,,1.47,2.66,ok,3212441,https://www.tennisexplorer.com/match-detail/?id=3212441,Sonego,Herbert,Sonego Lorenzo,Herbert Pierre-Hugues,,3.29,1.07,,7.82,1.3,1.87,1.23,1.84,3.83,fallback_parser_order,"[""Tennis Explorer - Match detail"", ""New registration"", ""|"", ""Lost password"", ""TennisExplorer"", ""LIVE Scores"", ""24.05. 05:46,"", ""GMT+1"", ""Home page"", ""Today's matches"", ""Rankings"", ""Players"", ""LIVE Scores"", ""Results"", ""Tours calendar"", ""Tennis news"", ""Official webs"", ""Basel"", ""Vienna"", ""WTA Elite Trophy"", ""TennisExplorer"", ""on Facebook"", ""Sonego - Herbert"", ""Today"", "", 16:00,"", ""French Open"", "", 1. round, clay"", ""Sonego Lorenzo"", ""Herbert Pierre-Hugues"", ""69."", ""Singles ranking"", ""223."", ""11. 5. 1995"", ""Birthdate"", ""18. 3. 1991"", ""191 cm"", ""Height"", ""188 cm"", ""76 kg"", ""Weight"", ""75 kg"", ""right"", ""Plays"", ""right"", ""-"", ""Turned pro"", ""-"", ""Live streams"", ""1xBet"", "","", ""Unibet"", "","", ""bet365"", ""W/L - 2026"", ""Career - Sonego"", ""Career - Herbert"", ""Surface"", ""Sonego Lorenzo"", ""Herbert Pierre-Hugues"", ""Indoors"", ""-"", ""5/3"", ""Clay"", ""1/5"", ""6/5"", ""Grass"", ""-"", ""-"", ""Hard"", ""2/2"", ""4/3"", ""Not set"", ""-"", ""-"", ""Year"", ""Summary"", ""Clay"", ""Hard"", ""Indoors"", ""Grass"", ""Not set"", ""Summary:"", ""432/328"", ""231/148"", ""87/94"", ""80/59"", ""28/24"", ""6/3"", ""2026"", ""3/7"", ""1/5"", ""2/2"", ""-"", ""-"", ""-"", ""2025"", ""25/29"", ""1/5"", ""11/14"", ""8/6"", ""5/4"", ""-"", ""2024"", ""27/33"", ""10/11"", ""10/14"", ""4/5"", ""3/3"", ""-"", ""2023"", ""30/31"", ""9/7"", ""10/12"", ""7/7"", ""2/4"", ""2/1"", ""2022"", ""30/29"", ""8/11"", ""7/9""]",Sonego - Herbert
1,1,1.13,6.13,ok,3212435,https://www.tennisexplorer.com/match-detail/?id=3212435,Blockx,Wong,Blockx Alexander,Wong Coleman,,1.87,0.0,,17.56,1.8,1.27,1.05,3.44,9.13,fallback_parser_order,"[""Tennis Explorer - Match detail"", ""New registration"", ""|"", ""Lost password"", ""TennisExplorer"", ""LIVE Scores"", ""24.05. 05:47,"", ""GMT+1"", ""Home page"", ""Today's matches"", ""Rankings"", ""Players"", ""LIVE Scores"", ""Results"", ""Tours calendar"", ""Tennis news"", ""Official webs"", ""Basel"", ""Vienna"", ""WTA Elite Trophy"", ""TennisExplorer"", ""on Facebook"", ""Blockx - Wong"", ""Today"", "", 16:00,"", ""French Open"", "", 1. round, clay"", ""Blockx Alexander"", ""Wong Coleman"", ""36."", ""Singles ranking"", ""113."", ""8. 4. 2005"", ""Birthdate"", ""6. 6. 2004"", ""-"", ""Height"", ""-"", ""-"", ""Weight"", ""-"", ""right"", ""Plays"", ""right"", ""-"", ""Turned pro"", ""-"", ""Live streams"", ""1xBet"", "","", ""Unibet"", "","", ""bet365"", ""W/L - 2026"", ""Career - Blockx"", ""Career - Wong"", ""Surface"", ""Blockx Alexander"", ""Wong Coleman"", ""Indoors"", ""4/2"", ""-"", ""Clay"", ""12/4"", ""2/3"", ""Grass"", ""-"", ""-"", ""Hard"", ""11/5"", ""20/14"", ""Not set"", ""-"", ""-"", ""Year"", ""Summary"", ""Clay"", ""Hard"", ""Indoors"", ""Grass"", ""Not set"", ""Summary:"", ""150/86"", ""38/23"", ""39/30"", ""68/27"", ""4/4"", ""1/2"", ""2026"", ""28/11"", ""12/4"", ""11/5"", ""4/2"", ""-"", ""1/0"", ""2025"", ""46/28"", ""4/4"", ""15/9"", ""23/10"", ""4/4"", ""0/1"", ""2024"", ""33/24"", ""9/3"", ""7/11"", ""17/9"", ""-"", ""0/1"", ""2023"", ""39/15"", ""11/7"", ""4/3"", ""24/5"", ""-"", ""-"", ""2022"", ""4/7"", ""2/4"", ""2/2""]",Blockx - Wong
1,0,1.5,2.57,ok,3211711,https://www.tennisexplorer.com/match-detail/?id=3211711,Medjedovic,Hanfmann,Medjedovic Hamad,Hanfmann Yannick,,3.4,1.07,,7.04,1.27,1.95,1.25,1.76,3.6,fallback_parser_order,"[""Tennis Explorer - Match detail"", ""New registration"", ""|"", ""Lost password"", ""TennisExplorer"", ""LIVE Scores"", ""24.05. 05:47,"", ""GMT+1"", ""Home page"", ""Today's matches"", ""Rankings"", ""Players"", ""LIVE Scores"", ""Results"", ""Tours calendar"", ""Tennis news"", ""Official webs"", ""Basel"", ""Vienna"", ""WTA Elite Trophy"", ""TennisExplorer"", ""on Facebook"", ""Medjedovic - Hanfmann"", ""Today"", "", 16:00,"", ""French Open"", "", 1. round, clay"", ""Medjedovic Hamad"", ""Hanfmann Yannick"", ""56."", ""Singles ranking"", ""55."", ""18. 7. 2003"", ""Birthdate"", ""13. 11. 1991"", ""-"", ""Height"", ""193 cm"", ""-"", ""Weight"", ""86 kg"", ""right"", ""Plays"", ""right"", ""-"", ""Turned pro"", ""-"", ""Live streams"", ""1xBet"", "","", ""Unibet"", "","", ""bet365"", ""W/L - 2026"", ""Career - Medjedovic"", ""Career - Hanfmann"", ""Surface"", ""Medjedovic Hamad"", ""Hanfmann Yannick"", ""Indoors"", ""2/3"", ""-"", ""Clay"", ""13/3"", ""10/7"", ""Grass"", ""-"", ""-"", ""Hard"", ""4/2"", ""4/4"", ""Not set"", ""-"", ""-"", ""Year"", ""Summary"", ""Clay"", ""Hard"", ""Indoors"", ""Grass"", ""Not set"", ""Summary:"", ""196/122"", ""102/54"", ""43/31"", ""39/29"", ""9/7"", ""3/1"", ""2026"", ""19/8"", ""13/3"", ""4/2"", ""2/3"", ""-"", ""-"", ""2025"", ""28/21"", ""6/5"", ""6/6"", ""12/6"", ""2/3"", ""2/1"", ""2024"", ""35/21"", ""15/8"", ""9/6"", ""9/5"", ""2/2"", ""-"", ""2023"", ""48/23"", ""22/9"", ""10/5"", ""10/7"", ""5/2"", ""1/0"", ""2022"", ""46/24"", ""28/6"", ""12/10""]",Medjedovic - Hanfmann
,,6.4,1.12,ok,3211713,https://www.tennisexplorer.com/match-detail/?id=3211713,Mpetshi Perricard,Djokovic,Mpetshi Perricard Giovanni,Djokovic Novak,,17.75,1.73,,1.96,1.01,9.1,3.33,1.05,1.3,fallback_parser_order,"[""Tennis Explorer - Match detail"", ""New registration"", ""|"", ""Lost password"", ""TennisExplorer"", ""LIVE Scores"", ""24.05. 05:47,"", ""GMT+1"", ""Home page"", ""Today's matches"", ""Rankings"", ""Players"", ""LIVE Scores"", ""Results"", ""Tours calendar"", ""Tennis news"", ""Official webs"", ""Basel"", ""Vienna"", ""WTA Elite Trophy"", ""TennisExplorer"", ""on Facebook"", ""Mpetshi Perricard - Djokovic"", ""Today"", "", 20:15,"", ""French Open"", "", 1. round, clay"", ""Mpetshi Perricard Giovanni"", ""Djokovic Novak"", ""80."", ""Singles ranking"", ""4."", ""8. 7. 2003"", ""Birthdate"", ""22. 5. 1987"", ""-"", ""Height"", ""187 cm"", ""-"", ""Weight"", ""80 kg"", ""right"", ""Plays"", ""right"", ""-"", ""Turned pro"", ""2003"", ""Live streams"", ""TV"", ""1xBet"", "","", ""bet365"", "","", ""Unibet"", ""TNT Sports Extra (Gbr), TNT Sports 1 (Gbr), TNT Sports 4 (Gbr)"", ""W/L - 2026"", ""Career - Mpetshi Perricard"", ""Career - Djokovic"", ""Surface"", ""Mpetshi Perricard Giovanni"", ""Djokovic Novak"", ""Indoors"", ""0/2"", ""-"", ""Clay"", ""3/3"", ""0/1"", ""Grass"", ""-"", ""-"", ""Hard"", ""7/7"", ""8/2"", ""Not set"", ""-"", ""-"", ""Year"", ""Summary"", ""Clay"", ""Hard"", ""Indoors"", ""Grass"", ""Not set"", ""Summary:"", ""179/148"", ""78/59"", ""60/47"", ""27/34"", ""13/8"", ""1/0"", ""2026"", ""10/12"", ""3/3"", ""7/7"", ""0/2"", ""-"", ""-"", ""2025"", ""23/26"", ""6/6"", ""12/13"", ""3/4"", ""1/3"", ""1/0"", ""2024"", ""48/25"", ""10/5"", ""15/9"", ""13/7"", ""10/4"", ""-"", ""2023"", ""37/27"", ""9/9"", ""21/12"", ""5/5"", ""2/1"", ""-"", ""2022"", ""33/23""]",Mpetshi Perricard - Djokovic
1,0,1.12,6.34,ok,3212439,https://www.tennisexplorer.com/match-detail/?id=3212439,Ruud,Safiullin,Ruud Casper,Safiullin Roman,,1.8,,,17.56,1.87,1.26,1.04,3.53,9.28,fallback_parser_order,"[""Tennis Explorer - Match detail"", ""New registration"", ""|"", ""Lost password"", ""TennisExplorer"", ""LIVE Scores"", ""24.05. 05:47,"", ""GMT+1"", ""Home page"", ""Today's matches"", ""Rankings"", ""Players"", ""LIVE Scores"", ""Results"", ""Tours calendar"", ""Tennis news"", ""Official webs"", ""Basel"", ""Vienna"", ""WTA Elite Trophy"", ""TennisExplorer"", ""on Facebook"", ""Ruud - Safiullin"", ""25.05.2026"", "", 11:00,"", ""French Open"", "", 1. round, clay"", ""Ruud Casper"", ""Safiullin Roman"", ""17."", ""Singles ranking"", ""142."", ""22. 12. 1998"", ""Birthdate"", ""7. 8. 1997"", ""183 cm"", ""Height"", ""185 cm"", ""77 kg"", ""Weight"", ""75 kg"", ""right"", ""Plays"", ""right"", ""-"", ""Turned pro"", ""-"", ""Live streams"", ""1xBet"", ""W/L - 2026"", ""Career - Ruud"", ""Career - Safiullin"", ""Surface"", ""Ruud Casper"", ""Safiullin Roman"", ""Indoors"", ""-"", ""1/3"", ""Clay"", ""13/4"", ""20/3"", ""Grass"", ""-"", ""-"", ""Hard"", ""9/7"", ""-"", ""Not set"", ""-"", ""-"", ""Year"", ""Summary"", ""Clay"", ""Hard"", ""Indoors"", ""Grass"", ""Not set"", ""Summary:"", ""482/263"", ""266/117"", ""130/87"", ""61/45"", ""6/9"", ""19/5"", ""2026"", ""22/11"", ""13/4"", ""9/7"", ""-"", ""-"", ""-"", ""2025"", ""42/17"", ""14/5"", ""15/9"", ""11/3"", ""-"", ""2/0"", ""2024"", ""54/27"", ""24/7"", ""21/10"", ""6/8"", ""1/1"", ""2/1"", ""2023"", ""39/23"", ""22/8"", ""12/12"", ""4/2"", ""1/1"", ""-"", ""2022"", ""53/24"", ""25/7"", ""19/9"", ""5/4"", ""2/3"", ""2/1"", ""2021""]",Ruud - Safiullin
,,1.9,1.88,ok,3212437,https://www.tennisexplorer.com/match-detail/?id=3212437,Nava,Ugo Carabelli,Nava Emilio,Ugo Carabelli Camilo,,4.59,1.16,,4.49,1.16,2.59,1.47,1.45,2.55,fallback_parser_order,"[""Tennis Explorer - Match detail"", ""New registration"", ""|"", ""Lost password"", ""TennisExplorer"", ""LIVE Scores"", ""24.05. 05:47,"", ""GMT+1"", ""Home page"", ""Today's matches"", ""Rankings"", ""Players"", ""LIVE Scores"", ""Results"", ""Tours calendar"", ""Tennis news"", ""Official webs"", ""Basel"", ""Vienna"", ""WTA Elite Trophy"", ""TennisExplorer"", ""on Facebook"", ""Nava - Ugo Carabelli"", ""25.05.2026"", "", 11:00,"", ""French Open"", "", 1. round, clay"", ""Nava Emilio"", ""Ugo Carabelli Camilo"", ""97."", ""Singles ranking"", ""68."", ""2. 12. 2001"", ""Birthdate"", ""17. 6. 1999"", ""183 cm"", ""Height"", ""185 cm"", ""74 kg"", ""Weight"", ""83 kg"", ""right"", ""Plays"", ""right"", ""-"", ""Turned pro"", ""-"", ""Live streams"", ""1xBet"", ""W/L - 2026"", ""Career - Nava"", ""Career - Ugo Carabelli"", ""Surface"", ""Nava Emilio"", ""Ugo Carabelli Camilo"", ""Indoors"", ""-"", ""-"", ""Clay"", ""17/11"", ""15/9"", ""Grass"", ""-"", ""-"", ""Hard"", ""4/6"", ""2/5"", ""Not set"", ""-"", ""-"", ""Year"", ""Summary"", ""Clay"", ""Hard"", ""Indoors"", ""Grass"", ""Not set"", ""Summary:"", ""266/183"", ""131/68"", ""101/85"", ""28/23"", ""5/7"", ""1/0"", ""2026"", ""22/17"", ""17/11"", ""4/6"", ""-"", ""-"", ""1/0"", ""2025"", ""56/28"", ""45/19"", ""8/7"", ""-"", ""3/2"", ""-"", ""2024"", ""34/34"", ""8/9"", ""16/15"", ""8/5"", ""2/5"", ""-"", ""2023"", ""40/31"", ""12/8"", ""24/14"", ""4/9"", ""-"", ""-"", ""2022"", ""41/27"", ""14/6"", ""15/15"", ""12/6"", ""-"", ""-"", ""2021""]",Nava - Ugo Carabelli
,,1.08,8.09,ok,3212433,https://www.tennisexplorer.com/match-detail/?id=3212433,De Minaur,Samuel,De Minaur Alex,Samuel Toby,,1.71,,,21.38,2.02,1.2,1.03,4.09,11.11,fallback_parser_order,"[""Tennis Explorer - Match detail"", ""New registration"", ""|"", ""Lost password"", ""TennisExplorer"", ""LIVE Scores"", ""24.05. 05:47,"", ""GMT+1"", ""Home page"", ""Today's matches"", ""Rankings"", ""Players"", ""LIVE Scores"", ""Results"", ""Tours calendar"", ""Tennis news"", ""Official webs"", ""Basel"", ""Vienna"", ""WTA Elite Trophy"", ""TennisExplorer"", ""on Facebook"", ""De Minaur - Samuel"", ""25.05.2026"", "", 11:00,"", ""French Open"", "", 1. round, clay"", ""De Minaur Alex"", ""Samuel Toby"", ""9."", ""Singles ranking"", ""159."", ""17. 2. 1999"", ""Birthdate"", ""6. 9. 2002"", ""183 cm"", ""Height"", ""-"", ""69 kg"", ""Weight"", ""-"", ""right"", ""Plays"", ""right"", ""-"", ""Turned pro"", ""-"", ""Live streams"", ""1xBet"", ""W/L - 2026"", ""Career - De Minaur"", ""Career - Samuel"", ""Surface"", ""De Minaur Alex"", ""Samuel Toby"", ""Indoors"", ""5/0"", ""3/1"", ""Clay"", ""6/5"", ""7/4"", ""Grass"", ""-"", ""-"", ""Hard"", ""7/5"", ""17/3"", ""Not set"", ""-"", ""-"", ""Year"", ""Summary"", ""Clay"", ""Hard"", ""Indoors"", ""Grass"", ""Not set"", ""Summary:"", ""458/245"", ""83/59"", ""217/103"", ""86/48"", ""55/25"", ""17/10"", ""2026"", ""18/10"", ""6/5"", ""7/5"", ""5/0"", ""-"", ""-"", ""2025"", ""60/25"", ""10/5"", ""32/11"", ""12/6"", ""4/2"", ""2/1"", ""2024"", ""52/21"", ""10/5"", ""24/6"", ""11/7"", ""7/1"", ""0/2"", ""2023"", ""47/27"", ""4/5"", ""27/13"", ""6/4"", ""6/3"", ""4/2"", ""2022"", ""47/25"", ""9/6"", ""17/10"", ""8/4"", ""7/4"", ""6/1"", ""2021""]",De Minaur - Samuel
,,1.46,2.7,ok,3212431,https://www.tennisexplorer.com/match-detail/?id=3212431,Diaz Acosta,Zhang,Diaz Acosta Facundo,Zhang Zhizhen,,3.16,1.07,,7.8,1.32,1.83,1.22,1.88,3.84,fallback_parser_order,"[""Tennis Explorer - Match detail"", ""New registration"", ""|"", ""Lost password"", ""TennisExplorer"", ""LIVE Scores"", ""24.05. 05:47,"", ""GMT+1"", ""Home page"", ""Today's matches"", ""Rankings"", ""Players"", ""LIVE Scores"", ""Results"", ""Tours calendar"", ""Tennis news"", ""Official webs"", ""Basel"", ""Vienna"", ""WTA Elite Trophy"", ""TennisExplorer"", ""on Facebook"", ""Diaz Acosta - Zhang"", ""25.05.2026"", "", 11:00,"", ""French Open"", "", 1. round, clay"", ""Diaz Acosta Facundo"", ""Zhang Zhizhen"", ""150."", ""Singles ranking"", ""226."", ""15. 12. 2000"", ""Birthdate"", ""16. 10. 1996"", ""183 cm"", ""Height"", ""193 cm"", ""73 kg"", ""Weight"", ""87 kg"", ""left"", ""Plays"", ""right"", ""-"", ""Turned pro"", ""-"", ""Live streams"", ""1xBet"", ""W/L - 2026"", ""Career - Diaz Acosta"", ""Career - Zhang"", ""Surface"", ""Diaz Acosta Facundo"", ""Zhang Zhizhen"", ""Indoors"", ""-"", ""-"", ""Clay"", ""24/8"", ""3/6"", ""Grass"", ""-"", ""-"", ""Hard"", ""1/2"", ""7/8"", ""Not set"", ""-"", ""-"", ""Year"", ""Summary"", ""Clay"", ""Hard"", ""Indoors"", ""Grass"", ""Not set"", ""Summary:"", ""263/165"", ""232/127"", ""31/31"", ""0/3"", ""0/4"", ""-"", ""2026"", ""25/10"", ""24/8"", ""1/2"", ""-"", ""-"", ""-"", ""2025"", ""24/21"", ""18/15"", ""6/5"", ""-"", ""0/1"", ""-"", ""2024"", ""20/22"", ""17/10"", ""3/8"", ""0/3"", ""0/1"", ""-"", ""2023"", ""55/25"", ""51/20"", ""4/4"", ""-"", ""0/1"", ""-"", ""2022"", ""31/21"", ""31/19"", ""0/1"", ""-"", ""0/1"", ""-"", ""2021""]",Diaz Acosta - Zhang
3,2,1.34,3.21,ok,3212429,https://www.tennisexplorer.com/match-detail/?id=3212429,Cobolli,Pellegrino,Cobolli Flavio,Pellegrino Andrea,,2.73,1.04,,8.47,1.41,1.68,1.18,2.07,4.49,fallback_parser_order,"[""Tennis Explorer - Match detail"", ""New registration"", ""|"", ""Lost password"", ""TennisExplorer"", ""LIVE Scores"", ""24.05. 05:47,"", ""GMT+1"", ""Home page"", ""Today's matches"", ""Rankings"", ""Players"", ""LIVE Scores"", ""Results"", ""Tours calendar"", ""Tennis news"", ""Official webs"", ""Basel"", ""Vienna"", ""WTA Elite Trophy"", ""TennisExplorer"", ""on Facebook"", ""Cobolli - Pellegrino"", ""25.05.2026"", "", 11:00,"", ""French Open"", "", 1. round, clay"", ""Cobolli Flavio"", ""Pellegrino Andrea"", ""12."", ""Singles ranking"", ""126."", ""6. 5. 2002"", ""Birthdate"", ""23. 3. 1997"", ""-"", ""Height"", ""185 cm"", ""71 kg"", ""Weight"", ""81 kg"", ""right"", ""Plays"", ""right"", ""-"", ""Turned pro"", ""-"", ""Live streams"", ""1xBet"", ""W/L - 2026"", ""Career - Cobolli"", ""Career - Pellegrino"", ""Surface"", ""Cobolli Flavio"", ""Pellegrino Andrea"", ""Indoors"", ""0/2"", ""-"", ""Clay"", ""9/5"", ""20/11"", ""Grass"", ""-"", ""-"", ""Hard"", ""10/5"", ""0/1"", ""Not set"", ""-"", ""-"", ""Year"", ""Summary"", ""Clay"", ""Hard"", ""Indoors"", ""Grass"", ""Not set"", ""Summary:"", ""266/196"", ""157/100"", ""70/48"", ""26/38"", ""9/9"", ""4/1"", ""2026"", ""19/12"", ""9/5"", ""10/5"", ""0/2"", ""-"", ""-"", ""2025"", ""39/31"", ""15/6"", ""9/13"", ""6/9"", ""6/3"", ""3/0"", ""2024"", ""44/29"", ""11/9"", ""26/13"", ""3/2"", ""3/4"", ""1/1"", ""2023"", ""57/36"", ""44/23"", ""10/6"", ""3/6"", ""0/1"", ""-"", ""2022"", ""37/35"", ""26/22"", ""6/4"", ""5/8"", ""0/1"", ""-"", ""2021""]",Cobolli - Pellegrino
,,6.21,1.12,ok,3212427,https://www.tennisexplorer.com/match-detail/?id=3212427,Faurel,Vacherot,Faurel Thomas,Vacherot Valentin,,17.88,1.85,,1.85,,9.16,3.54,1.05,1.26,fallback_parser_order,"[""Tennis Explorer - Match detail"", ""New registration"", ""|"", ""Lost password"", ""TennisExplorer"", ""LIVE Scores"", ""24.05. 05:47,"", ""GMT+1"", ""Home page"", ""Today's matches"", ""Rankings"", ""Players"", ""LIVE Scores"", ""Results"", ""Tours calendar"", ""Tennis news"", ""Official webs"", ""Basel"", ""Vienna"", ""WTA Elite Trophy"", ""TennisExplorer"", ""on Facebook"", ""Faurel - Vacherot"", ""25.05.2026"", "", 11:00,"", ""French Open"", "", 1. round, clay"", ""Faurel Thomas"", ""Vacherot Valentin"", ""382."", ""Singles ranking"", ""18."", ""21. 1. 2006"", ""Birthdate"", ""16. 11. 1998"", ""-"", ""Height"", ""193 cm"", ""-"", ""Weight"", ""-"", ""right"", ""Plays"", ""right"", ""-"", ""Turned pro"", ""-"", ""Live streams"", ""1xBet"", ""W/L - 2026"", ""Career - Faurel"", ""Career - Vacherot"", ""Surface"", ""Faurel Thomas"", ""Vacherot Valentin"", ""Indoors"", ""2/2"", ""-"", ""Clay"", ""7/7"", ""4/2"", ""Grass"", ""-"", ""-"", ""Hard"", ""12/4"", ""9/7"", ""Not set"", ""-"", ""-"", ""Year"", ""Summary"", ""Clay"", ""Hard"", ""Indoors"", ""Grass"", ""Not set"", ""Summary:"", ""77/58"", ""50/42"", ""23/9"", ""4/7"", ""-"", ""-"", ""2026"", ""21/13"", ""7/7"", ""12/4"", ""2/2"", ""-"", ""-"", ""2025"", ""50/29"", ""39/24"", ""11/4"", ""0/1"", ""-"", ""-"", ""2024"", ""5/12"", ""4/9"", ""0/1"", ""1/2"", ""-"", ""-"", ""2023"", ""1/4"", ""0/2"", ""-"", ""1/2"", ""-"", ""-"", ""Year"", ""Summary"", ""Clay"", ""Hard"", ""Indoors"", ""Grass"", ""Not set"", ""Summary:""]",Faurel - Vacherot
,,1.68,2.17,ok,3212425,https://www.tennisexplorer.com/match-detail/?id=3212425,Faria,Shapovalov,Faria Jaime,Shapovalov Denis,,3.88,1.12,,5.67,1.22,2.2,1.35,1.61,2.99,fallback_parser_order,"[""Tennis Explorer - Match detail"", ""New registration"", ""|"", ""Lost password"", ""TennisExplorer"", ""LIVE Scores"", ""24.05. 05:47,"", ""GMT+1"", ""Home page"", ""Today's matches"", ""Rankings"", ""Players"", ""LIVE Scores"", ""Results"", ""Tours calendar"", ""Tennis news"", ""Official webs"", ""Basel"", ""Vienna"", ""WTA Elite Trophy"", ""TennisExplorer"", ""on Facebook"", ""Faria - Shapovalov"", ""25.05.2026"", "", 11:00,"", ""French Open"", "", 1. round, clay"", ""Faria Jaime"", ""Shapovalov Denis"", ""117."", ""Singles ranking"", ""37."", ""6. 8. 2003"", ""Birthdate"", ""15. 4. 1999"", ""-"", ""Height"", ""185 cm"", ""-"", ""Weight"", ""75 kg"", ""right"", ""Plays"", ""left"", ""-"", ""Turned pro"", ""-"", ""Live streams"", ""1xBet"", ""W/L - 2026"", ""Career - Faria"", ""Career - Shapovalov"", ""Surface"", ""Faria Jaime"", ""Shapovalov Denis"", ""Indoors"", ""2/1"", ""3/1"", ""Clay"", ""25/11"", ""2/4"", ""Grass"", ""-"", ""-"", ""Hard"", ""5/2"", ""3/6"", ""Not set"", ""-"", ""-"", ""Year"", ""Summary"", ""Clay"", ""Hard"", ""Indoors"", ""Grass"", ""Not set"", ""Summary:"", ""217/138"", ""104/67"", ""102/53"", ""6/10"", ""5/4"", ""0/4"", ""2026"", ""31/14"", ""24/11"", ""5/2"", ""2/1"", ""-"", ""-"", ""2025"", ""25/29"", ""9/14"", ""9/6"", ""2/5"", ""5/2"", ""0/2"", ""2024"", ""53/25"", ""27/14"", ""24/5"", ""2/2"", ""0/2"", ""0/2"", ""2023"", ""49/31"", ""16/12"", ""33/17"", ""0/2"", ""-"", ""-"", ""2022"", ""43/24"", ""23/12"", ""20/12"", ""-"", ""-"", ""-"", ""2021""]",Faria - Shapovalov
2,1,1.37,3.05,ok,3212423,https://www.tennisexplorer.com/match-detail/?id=3212423,Rinderknech,Rodionov,Rinderknech Arthur,Rodionov Jurij,,2.8,1.05,,8.37,1.36,1.71,1.17,2.04,4.47,fallback_parser_order,"[""Tennis Explorer - Match detail"", ""New registration"", ""|"", ""Lost password"", ""TennisExplorer"", ""LIVE Scores"", ""24.05. 05:47,"", ""GMT+1"", ""Home page"", ""Today's matches"", ""Rankings"", ""Players"", ""LIVE Scores"", ""Results"", ""Tours calendar"", ""Tennis news"", ""Official webs"", ""Basel"", ""Vienna"", ""WTA Elite Trophy"", ""TennisExplorer"", ""on Facebook"", ""Rinderknech - Rodionov"", ""25.05.2026"", "", 11:00,"", ""French Open"", "", 1. round, clay"", ""Rinderknech Arthur"", ""Rodionov Jurij"", ""24."", ""Singles ranking"", ""158."", ""23. 7. 1995"", ""Birthdate"", ""16. 5. 1999"", ""196 cm"", ""Height"", ""191 cm"", ""86 kg"", ""Weight"", ""86 kg"", ""right"", ""Plays"", ""left"", ""-"", ""Turned pro"", ""-"", ""Live streams"", ""1xBet"", ""W/L - 2026"", ""Career - Rinderknech"", ""Career - Rodionov"", ""Surface"", ""Rinderknech Arthur"", ""Rodionov Jurij"", ""Indoors"", ""0/1"", ""7/5"", ""Clay"", ""5/5"", ""9/5"", ""Grass"", ""-"", ""-"", ""Hard"", ""4/6"", ""5/2"", ""Not set"", ""-"", ""-"", ""Year"", ""Summary"", ""Clay"", ""Hard"", ""Indoors"", ""Grass"", ""Not set"", ""Summary:"", ""363/262"", ""119/89"", ""117/82"", ""101/67"", ""22/21"", ""4/3"", ""2026"", ""10/12"", ""5/5"", ""3/6"", ""0/1"", ""-"", ""2/0"", ""2025"", ""32/35"", ""8/10"", ""14/15"", ""2/4"", ""7/5"", ""1/1"", ""2024"", ""38/34"", ""6/7"", ""16/13"", ""12/8"", ""4/5"", ""0/1"", ""2023"", ""30/31"", ""11/7"", ""5/9"", ""10/9"", ""4/6"", ""-"", ""2022"", ""38/24"", ""7/5"", ""18/11"", ""11/5"", ""1/3"", ""1/0"", ""2021""]",Rinderknech - Rodionov
,,1.35,3.14,ok,3212421,https://www.tennisexplorer.com/match-detail/?id=3212421,Landaluce,Prado Angelo,Landaluce Martin,Prado Angelo Juan Carlos,,2.79,1.05,,9.03,1.4,1.67,1.17,2.09,4.49,fallback_parser_order,"[""Tennis Explorer - Match detail"", ""New registration"", ""|"", ""Lost password"", ""TennisExplorer"", ""LIVE Scores"", ""24.05. 05:47,"", ""GMT+1"", ""Home page"", ""Today's matches"", ""Rankings"", ""Players"", ""LIVE Scores"", ""Results"", ""Tours calendar"", ""Tennis news"", ""Official webs"", ""Basel"", ""Vienna"", ""WTA Elite Trophy"", ""TennisExplorer"", ""on Facebook"", ""Landaluce - Prado Angelo"", ""25.05.2026"", "", 11:00,"", ""French Open"", "", 1. round, clay"", ""Landaluce Martin"", ""Prado Angelo Juan Carlos"", ""67."", ""Singles ranking"", ""178."", ""8. 1. 2006"", ""Birthdate"", ""6. 3. 2005"", ""-"", ""Height"", ""-"", ""-"", ""Weight"", ""-"", ""right"", ""Plays"", ""right"", ""-"", ""Turned pro"", ""-"", ""Live streams"", ""1xBet"", ""W/L - 2026"", ""Career - Landaluce"", ""Career - Prado Angelo"", ""Surface"", ""Landaluce Martin"", ""Prado Angelo Juan Carlos"", ""Indoors"", ""2/4"", ""0/2"", ""Clay"", ""8/6"", ""15/8"", ""Grass"", ""-"", ""-"", ""Hard"", ""10/5"", ""0/1"", ""Not set"", ""-"", ""-"", ""Year"", ""Summary"", ""Clay"", ""Hard"", ""Indoors"", ""Grass"", ""Not set"", ""Summary:"", ""125/100"", ""41/43"", ""62/36"", ""14/16"", ""8/4"", ""0/1"", ""2026"", ""20/15"", ""8/6"", ""10/5"", ""2/4"", ""-"", ""-"", ""2025"", ""37/32"", ""6/10"", ""18/11"", ""5/6"", ""8/4"", ""0/1"", ""2024"", ""42/24"", ""12/10"", ""23/9"", ""7/5"", ""-"", ""-"", ""2023"", ""26/27"", ""15/17"", ""11/10"", ""-"", ""-"", ""-"", ""2022"", ""0/2"", ""-"", ""0/1"", ""0/1"", ""-"", ""-"", ""Year""]",Landaluce - Prado Angelo
1,1,13.1,1.03,ok,3211773,https://www.tennisexplorer.com/match-detail/?id=3211773,Walton,Medvedev,Walton Adam,Medvedev Daniil,,35.0,2.67,,1.39,0.0,15.83,6.49,1.02,1.09,fallback_parser_order,"[""Tennis Explorer - Match detail"", ""New registration"", ""|"", ""Lost password"", ""TennisExplorer"", ""LIVE Scores"", ""24.05. 05:47,"", ""GMT+1"", ""Home page"", ""Today's matches"", ""Rankings"", ""Players"", ""LIVE Scores"", ""Results"", ""Tours calendar"", ""Tennis news"", ""Official webs"", ""Basel"", ""Vienna"", ""WTA Elite Trophy"", ""TennisExplorer"", ""on Facebook"", ""Walton - Medvedev"", ""25.05.2026"", "", 11:00,"", ""French Open"", "", 1. round, clay"", ""Walton Adam"", ""Medvedev Daniil"", ""101."", ""Singles ranking"", ""7."", ""17. 4. 1999"", ""Birthdate"", ""11. 2. 1996"", ""185 cm"", ""Height"", ""198 cm"", ""76 kg"", ""Weight"", ""83 kg"", ""right"", ""Plays"", ""right"", ""-"", ""Turned pro"", ""-"", ""Live streams"", ""1xBet"", ""W/L - 2026"", ""Career - Walton"", ""Career - Medvedev"", ""Surface"", ""Walton Adam"", ""Medvedev Daniil"", ""Indoors"", ""0/1"", ""0/1"", ""Clay"", ""1/2"", ""6/3"", ""Grass"", ""-"", ""-"", ""Hard"", ""18/14"", ""20/4"", ""Not set"", ""-"", ""-"", ""Year"", ""Summary"", ""Clay"", ""Hard"", ""Indoors"", ""Grass"", ""Not set"", ""Summary:"", ""239/147"", ""5/8"", ""221/114"", ""8/15"", ""5/10"", ""-"", ""2026"", ""19/17"", ""1/2"", ""18/14"", ""0/1"", ""-"", ""-"", ""2025"", ""36/34"", ""2/2"", ""32/23"", ""1/4"", ""1/5"", ""-"", ""2024"", ""54/37"", ""0/2"", ""46/27"", ""4/3"", ""4/5"", ""-"", ""2023"", ""56/30"", ""0/1"", ""53/26"", ""3/3"", ""-"", ""-"", ""2022"", ""41/12"", ""-"", ""41/10"", ""0/2"", ""-"", ""-"", ""2021""]",Walton - Medvedev
,,1.12,6.25,ok,3211771,https://www.tennisexplorer.com/match-detail/?id=3211771,Popyrin,Svajda,Popyrin Alexei,Svajda Zachary,,1.9,0.0,,17.19,1.79,1.28,1.05,3.4,9.05,fallback_parser_order,"[""Tennis Explorer - Match detail"", ""New registration"", ""|"", ""Lost password"", ""TennisExplorer"", ""LIVE Scores"", ""24.05. 05:47,"", ""GMT+1"", ""Home page"", ""Today's matches"", ""Rankings"", ""Players"", ""LIVE Scores"", ""Results"", ""Tours calendar"", ""Tennis news"", ""Official webs"", ""Basel"", ""Vienna"", ""WTA Elite Trophy"", ""TennisExplorer"", ""on Facebook"", ""Popyrin - Svajda"", ""25.05.2026"", "", 11:00,"", ""French Open"", "", 1. round, clay"", ""Popyrin Alexei"", ""Svajda Zachary"", ""61."", ""Singles ranking"", ""85."", ""5. 8. 1999"", ""Birthdate"", ""-"", ""196 cm"", ""Height"", ""175 cm"", ""78 kg"", ""Weight"", ""59 kg"", ""right"", ""Plays"", ""right"", ""-"", ""Turned pro"", ""-"", ""Live streams"", ""1xBet"", ""W/L - 2026"", ""Career - Popyrin"", ""Career - Svajda"", ""Surface"", ""Popyrin Alexei"", ""Svajda Zachary"", ""Indoors"", ""0/1"", ""2/1"", ""Clay"", ""6/5"", ""1/5"", ""Grass"", ""-"", ""-"", ""Hard"", ""2/8"", ""15/5"", ""Not set"", ""-"", ""-"", ""Year"", ""Summary"", ""Clay"", ""Hard"", ""Indoors"", ""Grass"", ""Not set"", ""Summary:"", ""305/267"", ""91/69"", ""147/127"", ""38/40"", ""25/28"", ""4/3"", ""2026"", ""8/14"", ""6/5"", ""2/8"", ""0/1"", ""-"", ""-"", ""2025"", ""18/25"", ""9/6"", ""7/10"", ""0/5"", ""2/4"", ""-"", ""2024"", ""31/23"", ""4/8"", ""17/8"", ""2/2"", ""6/4"", ""2/1"", ""2023"", ""37/30"", ""15/6"", ""18/15"", ""0/3"", ""3/5"", ""1/1"", ""2022"", ""24/33"", ""7/4"", ""7/16"", ""3/5"", ""7/8"", ""-"", ""2021""]",Popyrin - Svajda
,,1.89,1.89,ok,3211769,https://www.tennisexplorer.com/match-detail/?id=3211769,Gaston,Monfils,Gaston Hugo,Monfils Gael,,4.63,1.16,,4.78,1.16,2.53,1.45,1.47,2.58,fallback_parser_order,"[""Tennis Explorer - Match detail"", ""New registration"", ""|"", ""Lost password"", ""TennisExplorer"", ""LIVE Scores"", ""24.05. 05:47,"", ""GMT+1"", ""Home page"", ""Today's matches"", ""Rankings"", ""Players"", ""LIVE Scores"", ""Results"", ""Tours calendar"", ""Tennis news"", ""Official webs"", ""Basel"", ""Vienna"", ""WTA Elite Trophy"", ""TennisExplorer"", ""on Facebook"", ""Gaston - Monfils"", ""25.05.2026"", "", 11:00,"", ""French Open"", "", 1. round, clay"", ""Gaston Hugo"", ""Monfils Gael"", ""120."", ""Singles ranking"", ""221."", ""26. 9. 2000"", ""Birthdate"", ""1. 9. 1986"", ""173 cm"", ""Height"", ""193 cm"", ""68 kg"", ""Weight"", ""85 kg"", ""left"", ""Plays"", ""right"", ""-"", ""Turned pro"", ""2004"", ""Live streams"", ""1xBet"", ""W/L - 2026"", ""Career - Gaston"", ""Career - Monfils"", ""Surface"", ""Gaston Hugo"", ""Monfils Gael"", ""Indoors"", ""8/4"", ""-"", ""Clay"", ""4/8"", ""1/2"", ""Grass"", ""-"", ""-"", ""Hard"", ""2/3"", ""2/4"", ""Not set"", ""-"", ""-"", ""Year"", ""Summary"", ""Clay"", ""Hard"", ""Indoors"", ""Grass"", ""Not set"", ""Summary:"", ""299/240"", ""141/101"", ""57/58"", ""93/71"", ""8/10"", ""-"", ""2026"", ""13/15"", ""4/8"", ""2/3"", ""7/4"", ""-"", ""-"", ""2025"", ""30/31"", ""6/14"", ""9/12"", ""15/4"", ""0/1"", ""-"", ""2024"", ""34/31"", ""15/11"", ""5/12"", ""11/6"", ""3/2"", ""-"", ""2023"", ""47/33"", ""30/18"", ""6/5"", ""10/7"", ""1/3"", ""-"", ""2022"", ""28/31"", ""4/8"", ""4/9"", ""16/11"", ""4/3"", ""-"", ""2021""]",Gaston - Monfils
3,1,1.16,5.26,ok,3211767,https://www.tennisexplorer.com/match-detail/?id=3211767,Cerundolo,Van De Zandschulp,Cerundolo Francisco,Van De Zandschulp Botic,,1.99,1.01,,13.84,1.71,1.33,1.06,3.05,7.56,fallback_parser_order,"[""Tennis Explorer - Match detail"", ""New registration"", ""|"", ""Lost password"", ""TennisExplorer"", ""LIVE Scores"", ""24.05. 05:47,"", ""GMT+1"", ""Home page"", ""Today's matches"", ""Rankings"", ""Players"", ""LIVE Scores"", ""Results"", ""Tours calendar"", ""Tennis news"", ""Official webs"", ""Basel"", ""Vienna"", ""WTA Elite Trophy"", ""TennisExplorer"", ""on Facebook"", ""Cerundolo - Van De Zandschulp"", ""25.05.2026"", "", 11:00,"", ""French Open"", "", 1. round, clay"", ""Cerundolo Francisco"", ""Van De Zandschulp Botic"", ""27."", ""Singles ranking"", ""53."", ""13. 8. 1998"", ""Birthdate"", ""4. 10. 1995"", ""185 cm"", ""Height"", ""188 cm"", ""78 kg"", ""Weight"", ""83 kg"", ""right"", ""Plays"", ""right"", ""-"", ""Turned pro"", ""-"", ""Live streams"", ""1xBet"", ""W/L - 2026"", ""Career - Cerundolo"", ""Career - Van De Zandschulp"", ""Surface"", ""Cerundolo Francisco"", ""Van De Zandschulp Botic"", ""Indoors"", ""-"", ""2/2"", ""Clay"", ""13/7"", ""6/4"", ""Grass"", ""-"", ""-"", ""Hard"", ""7/4"", ""4/5"", ""Not set"", ""-"", ""-"", ""Year"", ""Summary"", ""Clay"", ""Hard"", ""Indoors"", ""Grass"", ""Not set"", ""Summary:"", ""378/209"", ""292/131"", ""54/47"", ""16/15"", ""9/11"", ""7/5"", ""2026"", ""20/11"", ""13/7"", ""7/4"", ""-"", ""-"", ""-"", ""2025"", ""40/26"", ""21/11"", ""14/9"", ""4/3"", ""0/2"", ""1/1"", ""2024"", ""35/32"", ""20/12"", ""5/11"", ""6/4"", ""0/3"", ""4/2"", ""2023"", ""39/26"", ""18/12"", ""10/10"", ""3/2"", ""6/2"", ""2/0"", ""2022"", ""36/30"", ""25/12"", ""7/8"", ""3/5"", ""1/3"", ""0/2"", ""2021""]",Cerundolo - Van De Zandschulp
1,0,2.36,1.58,ok,3211765,https://www.tennisexplorer.com/match-detail/?id=3211765,Garin,Tien,Garin Cristian,Tien Learner,,6.34,1.25,,3.58,1.09,3.29,1.71,1.3,2.04,fallback_parser_order,"[""Tennis Explorer - Match detail"", ""New registration"", ""|"", ""Lost password"", ""TennisExplorer"", ""LIVE Scores"", ""24.05. 05:47,"", ""GMT+1"", ""Home page"", ""Today's matches"", ""Rankings"", ""Players"", ""LIVE Scores"", ""Results"", ""Tours calendar"", ""Tennis news"", ""Official webs"", ""Basel"", ""Vienna"", ""WTA Elite Trophy"", ""TennisExplorer"", ""on Facebook"", ""Garin - Tien"", ""25.05.2026"", "", 11:00,"", ""French Open"", "", 1. round, clay"", ""Garin Cristian"", ""Tien Learner"", ""116."", ""Singles ranking"", ""20."", ""30. 5. 1996"", ""Birthdate"", ""2. 12. 2005"", ""185 cm"", ""Height"", ""-"", ""85 kg"", ""Weight"", ""-"", ""right"", ""Plays"", ""left"", ""-"", ""Turned pro"", ""-"", ""Live streams"", ""1xBet"", ""W/L - 2026"", ""Career - Garin"", ""Career - Tien"", ""Surface"", ""Garin Cristian"", ""Tien Learner"", ""Indoors"", ""-"", ""0/1"", ""Clay"", ""9/9"", ""7/3"", ""Grass"", ""-"", ""-"", ""Hard"", ""0/5"", ""11/6"", ""Not set"", ""-"", ""-"", ""Year"", ""Summary"", ""Clay"", ""Hard"", ""Indoors"", ""Grass"", ""Not set"", ""Summary:"", ""476/326"", ""355/207"", ""77/75"", ""5/12"", ""22/15"", ""17/17"", ""2026"", ""9/14"", ""9/9"", ""0/5"", ""-"", ""-"", ""-"", ""2025"", ""50/23"", ""39/14"", ""6/6"", ""-"", ""3/2"", ""2/1"", ""2024"", ""22/26"", ""14/16"", ""3/6"", ""-"", ""4/3"", ""1/1"", ""2023"", ""42/25"", ""18/11"", ""22/12"", ""-"", ""-"", ""2/2"", ""2022"", ""18/23"", ""9/11"", ""4/5"", ""1/4"", ""4/3"", ""-"", ""2021""]",Garin - Tien
,,2.01,1.79,ok,3211763,https://www.tennisexplorer.com/match-detail/?id=3211763,Wu,Giron,Wu Yibing,Giron Marcos,,4.99,1.18,,4.33,1.14,2.7,1.51,1.41,2.41,fallback_parser_order,"[""Tennis Explorer - Match detail"", ""New registration"", ""|"", ""Lost password"", ""TennisExplorer"", ""LIVE Scores"", ""24.05. 05:47,"", ""GMT+1"", ""Home page"", ""Today's matches"", ""Rankings"", ""Players"", ""LIVE Scores"", ""Results"", ""Tours calendar"", ""Tennis news"", ""Official webs"", ""Basel"", ""Vienna"", ""WTA Elite Trophy"", ""TennisExplorer"", ""on Facebook"", ""Wu - Giron"", ""25.05.2026"", "", 11:00,"", ""French Open"", "", 1. round, clay"", ""Wu Yibing"", ""Giron Marcos"", ""93."", ""Singles ranking"", ""84."", ""14. 10. 1999"", ""Birthdate"", ""24. 7. 1993"", ""183 cm"", ""Height"", ""180 cm"", ""80 kg"", ""Weight"", ""77 kg"", ""right"", ""Plays"", ""right"", ""-"", ""Turned pro"", ""-"", ""Live streams"", ""1xBet"", ""W/L - 2026"", ""Career - Wu"", ""Career - Giron"", ""Surface"", ""Wu Yibing"", ""Giron Marcos"", ""Indoors"", ""-"", ""0/1"", ""Clay"", ""8/3"", ""3/5"", ""Grass"", ""-"", ""-"", ""Hard"", ""10/6"", ""12/7"", ""Not set"", ""-"", ""-"", ""Year"", ""Summary"", ""Clay"", ""Hard"", ""Indoors"", ""Grass"", ""Not set"", ""Summary:"", ""174/94"", ""40/23"", ""107/61"", ""22/3"", ""1/5"", ""4/2"", ""2026"", ""19/9"", ""8/3"", ""10/6"", ""-"", ""-"", ""1/0"", ""2025"", ""27/10"", ""2/2"", ""23/8"", ""2/0"", ""-"", ""-"", ""2024"", ""9/5"", ""2/1"", ""7/4"", ""-"", ""-"", ""-"", ""2023"", ""20/19"", ""3/5"", ""6/7"", ""10/2"", ""1/5"", ""-"", ""2022"", ""40/7"", ""10/2"", ""20/5"", ""10/0"", ""-"", ""-"", ""2019""]",Wu - Giron
1,0,1.22,4.17,ok,3211761,https://www.tennisexplorer.com/match-detail/?id=3211761,Tabilo,Majchrzak,Tabilo Alejandro,Majchrzak Kamil,,2.26,1.01,,11.24,1.57,1.45,1.1,2.56,6.08,fallback_parser_order,"[""Tennis Explorer - Match detail"", ""New registration"", ""|"", ""Lost password"", ""TennisExplorer"", ""LIVE Scores"", ""24.05. 05:47,"", ""GMT+1"", ""Home page"", ""Today's matches"", ""Rankings"", ""Players"", ""LIVE Scores"", ""Results"", ""Tours calendar"", ""Tennis news"", ""Official webs"", ""Basel"", ""Vienna"", ""WTA Elite Trophy"", ""TennisExplorer"", ""on Facebook"", ""Tabilo - Majchrzak"", ""25.05.2026"", "", 11:00,"", ""French Open"", "", 1. round, clay"", ""Tabilo Alejandro"", ""Majchrzak Kamil"", ""35."", ""Singles ranking"", ""77."", ""2. 6. 1997"", ""Birthdate"", ""13. 1. 1996"", ""188 cm"", ""Height"", ""180 cm"", ""75 kg"", ""Weight"", ""78 kg"", ""left"", ""Plays"", ""right"", ""-"", ""Turned pro"", ""-"", ""Live streams"", ""1xBet"", ""W/L - 2026"", ""Career - Tabilo"", ""Career - Majchrzak"", ""Surface"", ""Tabilo Alejandro"", ""Majchrzak Kamil"", ""Indoors"", ""-"", ""-"", ""Clay"", ""21/9"", ""1/2"", ""Grass"", ""-"", ""-"", ""Hard"", ""6/5"", ""7/8"", ""Not set"", ""-"", ""-"", ""Year"", ""Summary"", ""Clay"", ""Hard"", ""Indoors"", ""Grass"", ""Not set"", ""Summary:"", ""454/292"", ""271/161"", ""128/87"", ""37/28"", ""12/10"", ""6/6"", ""2026"", ""28/14"", ""21/9"", ""6/5"", ""-"", ""-"", ""1/0"", ""2025"", ""27/23"", ""6/7"", ""20/13"", ""1/3"", ""-"", ""-"", ""2024"", ""38/27"", ""15/10"", ""11/8"", ""3/4"", ""7/2"", ""2/3"", ""2023"", ""53/27"", ""40/20"", ""13/5"", ""-"", ""0/1"", ""0/1"", ""2022"", ""33/22"", ""21/10"", ""7/6"", ""0/1"", ""3/4"", ""2/1"", ""2021""]",Tabilo - Majchrzak
,,1.32,3.4,ok,3211759,https://www.tennisexplorer.com/match-detail/?id=3211759,Cilic,Kouame,Cilic Marin,Kouame Moise,,2.65,1.03,,9.89,1.43,1.61,1.15,2.2,4.91,fallback_parser_order,"[""Tennis Explorer - Match detail"", ""New registration"", ""|"", ""Lost password"", ""TennisExplorer"", ""LIVE Scores"", ""24.05. 05:47,"", ""GMT+1"", ""Home page"", ""Today's matches"", ""Rankings"", ""Players"", ""LIVE Scores"", ""Results"", ""Tours calendar"", ""Tennis news"", ""Official webs"", ""Basel"", ""Vienna"", ""WTA Elite Trophy"", ""TennisExplorer"", ""on Facebook"", ""Cilic - Kouame"", ""25.05.2026"", "", 11:00,"", ""French Open"", "", 1. round, clay"", ""Cilic Marin"", ""Kouame Moise"", ""45."", ""Singles ranking"", ""316."", ""28. 9. 1988"", ""Birthdate"", ""6. 3. 2009"", ""198 cm"", ""Height"", ""-"", ""89 kg"", ""Weight"", ""-"", ""right"", ""Plays"", ""right"", ""2005"", ""Turned pro"", ""-"", ""Live streams"", ""1xBet"", ""W/L - 2026"", ""Career - Cilic"", ""Career - Kouame"", ""Surface"", ""Cilic Marin"", ""Kouame Moise"", ""Indoors"", ""3/1"", ""17/5"", ""Clay"", ""3/4"", ""5/4"", ""Grass"", ""-"", ""-"", ""Hard"", ""5/6"", ""1/1"", ""Not set"", ""-"", ""-"", ""Year"", ""Summary"", ""Clay"", ""Hard"", ""Indoors"", ""Grass"", ""Not set"", ""Summary:"", ""747/420"", ""184/118"", ""281/166"", ""149/82"", ""100/35"", ""33/19"", ""2026"", ""11/10"", ""3/3"", ""5/6"", ""3/1"", ""-"", ""-"", ""2025"", ""29/21"", ""11/7"", ""3/6"", ""6/3"", ""9/3"", ""0/2"", ""2024"", ""10/11"", ""0/1"", ""9/6"", ""1/3"", ""-"", ""0/1"", ""2023"", ""1/1"", ""0/1"", ""1/0"", ""-"", ""-"", ""-"", ""2022"", ""32/21"", ""9/5"", ""16/10"", ""3/4"", ""3/1"", ""1/1"", ""2021""]",Cilic - Kouame
,,1.96,1.83,ok,3211757,https://www.tennisexplorer.com/match-detail/?id=3211757,Norrie,Vallejo,Norrie Cameron,Vallejo Adolfo Daniel,,4.89,1.17,,4.31,1.15,2.66,1.5,1.42,2.44,fallback_parser_order,"[""Tennis Explorer - Match detail"", ""New registration"", ""|"", ""Lost password"", ""TennisExplorer"", ""LIVE Scores"", ""24.05. 05:48,"", ""GMT+1"", ""Home page"", ""Today's matches"", ""Rankings"", ""Players"", ""LIVE Scores"", ""Results"", ""Tours calendar"", ""Tennis news"", ""Official webs"", ""Basel"", ""Vienna"", ""WTA Elite Trophy"", ""TennisExplorer"", ""on Facebook"", ""Norrie - Vallejo"", ""25.05.2026"", "", 11:00,"", ""French Open"", "", 1. round, clay"", ""Norrie Cameron"", ""Vallejo Adolfo Daniel"", ""22."", ""Singles ranking"", ""70."", ""23. 8. 1995"", ""Birthdate"", ""28. 4. 2004"", ""188 cm"", ""Height"", ""-"", ""82 kg"", ""Weight"", ""-"", ""left"", ""Plays"", ""right"", ""-"", ""Turned pro"", ""-"", ""Live streams"", ""1xBet"", ""W/L - 2026"", ""Career - Norrie"", ""Career - Vallejo"", ""Surface"", ""Norrie Cameron"", ""Vallejo Adolfo Daniel"", ""Indoors"", ""1/1"", ""-"", ""Clay"", ""5/5"", ""29/9"", ""Grass"", ""-"", ""-"", ""Hard"", ""7/6"", ""2/1"", ""Not set"", ""-"", ""-"", ""Year"", ""Summary"", ""Clay"", ""Hard"", ""Indoors"", ""Grass"", ""Not set"", ""Summary:"", ""444/275"", ""93/58"", ""246/126"", ""63/52"", ""32/31"", ""10/8"", ""2026"", ""14/12"", ""5/5"", ""7/6"", ""1/1"", ""-"", ""1/0"", ""2025"", ""39/29"", ""14/7"", ""11/15"", ""8/4"", ""4/3"", ""2/0"", ""2024"", ""24/21"", ""8/8"", ""7/4"", ""6/5"", ""3/4"", ""-"", ""2023"", ""38/25"", ""16/7"", ""14/12"", ""1/1"", ""5/2"", ""2/3"", ""2022"", ""52/28"", ""11/5"", ""27/12"", ""7/6"", ""6/3"", ""1/2"", ""2021""]",Norrie - Vallejo
2,1,3.75,1.27,ok,3211755,https://www.tennisexplorer.com/match-detail/?id=3211755,Bautista-Agut,Nakashima,Bautista-Agut Roberto,Nakashima Brandon,,10.41,1.48,,2.47,1.02,5.54,2.32,1.12,1.55,fallback_parser_order,"[""Tennis Explorer - Match detail"", ""New registration"", ""|"", ""Lost password"", ""TennisExplorer"", ""LIVE Scores"", ""24.05. 05:48,"", ""GMT+1"", ""Home page"", ""Today's matches"", ""Rankings"", ""Players"", ""LIVE Scores"", ""Results"", ""Tours calendar"", ""Tennis news"", ""Official webs"", ""Basel"", ""Vienna"", ""WTA Elite Trophy"", ""TennisExplorer"", ""on Facebook"", ""Bautista-Agut - Nakashima"", ""25.05.2026"", "", 11:00,"", ""French Open"", "", 1. round, clay"", ""Bautista-Agut Roberto"", ""Nakashima Brandon"", ""99."", ""Singles ranking"", ""33."", ""14. 4. 1988"", ""Birthdate"", ""3. 8. 2001"", ""183 cm"", ""Height"", ""185 cm"", ""75 kg"", ""Weight"", ""77 kg"", ""right"", ""Plays"", ""right"", ""-"", ""Turned pro"", ""-"", ""Live streams"", ""1xBet"", ""W/L - 2026"", ""Career - Bautista-Agut"", ""Career - Nakashima"", ""Surface"", ""Bautista-Agut Roberto"", ""Nakashima Brandon"", ""Indoors"", ""1/2"", ""1/1"", ""Clay"", ""4/7"", ""3/4"", ""Grass"", ""-"", ""-"", ""Hard"", ""3/5"", ""9/6"", ""Not set"", ""-"", ""-"", ""Year"", ""Summary"", ""Clay"", ""Hard"", ""Indoors"", ""Grass"", ""Not set"", ""Summary:"", ""828/533"", ""302/215"", ""321/177"", ""126/98"", ""64/36"", ""15/7"", ""2026"", ""8/14"", ""4/7"", ""3/5"", ""1/2"", ""-"", ""-"", ""2025"", ""16/23"", ""6/8"", ""4/9"", ""1/2"", ""5/4"", ""-"", ""2024"", ""37/28"", ""10/7"", ""11/13"", ""7/4"", ""7/4"", ""2/0"", ""2023"", ""22/26"", ""8/8"", ""9/7"", ""2/8"", ""3/3"", ""-"", ""2022"", ""39/20"", ""5/3"", ""17/9"", ""6/5"", ""6/2"", ""5/1"", ""2021""]",Bautista-Agut - Nakashima
,,1.74,2.07,ok,3211753,https://www.tennisexplorer.com/match-detail/?id=3211753,Van Assche,Kypson,Van Assche Luca,Kypson Patrick,,4.14,1.13,,5.32,1.19,2.33,1.38,1.54,2.79,fallback_parser_order,"[""Tennis Explorer - Match detail"", ""New registration"", ""|"", ""Lost password"", ""TennisExplorer"", ""LIVE Scores"", ""24.05. 05:48,"", ""GMT+1"", ""Home page"", ""Today's matches"", ""Rankings"", ""Players"", ""LIVE Scores"", ""Results"", ""Tours calendar"", ""Tennis news"", ""Official webs"", ""Basel"", ""Vienna"", ""WTA Elite Trophy"", ""TennisExplorer"", ""on Facebook"", ""Van Assche - Kypson"", ""25.05.2026"", "", 11:00,"", ""French Open"", "", 1. round, clay"", ""Van Assche Luca"", ""Kypson Patrick"", ""103."", ""Singles ranking"", ""95."", ""11. 5. 2004"", ""Birthdate"", ""28. 10. 1999"", ""-"", ""Height"", ""188 cm"", ""-"", ""Weight"", ""79 kg"", ""right"", ""Plays"", ""right"", ""-"", ""Turned pro"", ""-"", ""Live streams"", ""1xBet"", ""W/L - 2026"", ""Career - Van Assche"", ""Career - Kypson"", ""Surface"", ""Van Assche Luca"", ""Kypson Patrick"", ""Indoors"", ""12/1"", ""1/2"", ""Clay"", ""5/7"", ""4/6"", ""Grass"", ""-"", ""-"", ""Hard"", ""6/5"", ""7/8"", ""Not set"", ""-"", ""-"", ""Year"", ""Summary"", ""Clay"", ""Hard"", ""Indoors"", ""Grass"", ""Not set"", ""Summary:"", ""217/166"", ""97/69"", ""32/34"", ""80/57"", ""7/6"", ""1/0"", ""2026"", ""23/13"", ""5/7"", ""6/5"", ""12/1"", ""-"", ""-"", ""2025"", ""35/26"", ""15/12"", ""7/4"", ""12/9"", ""1/1"", ""-"", ""2024"", ""36/38"", ""8/10"", ""15/15"", ""10/11"", ""2/2"", ""1/0"", ""2023"", ""35/31"", ""15/11"", ""1/7"", ""15/10"", ""4/3"", ""-"", ""2022"", ""55/31"", ""40/20"", ""0/1"", ""15/10"", ""-"", ""-"", ""2021""]",Van Assche - Kypson
2,0,1.71,2.13,ok,3211751,https://www.tennisexplorer.com/match-detail/?id=3211751,Baez,Burruchaga,Baez Sebastian,Burruchaga Roman Andres,,3.98,1.12,,5.64,1.22,2.23,1.36,1.59,2.93,fallback_parser_order,"[""Tennis Explorer - Match detail"", ""New registration"", ""|"", ""Lost password"", ""TennisExplorer"", ""LIVE Scores"", ""24.05. 05:48,"", ""GMT+1"", ""Home page"", ""Today's matches"", ""Rankings"", ""Players"", ""LIVE Scores"", ""Results"", ""Tours calendar"", ""Tennis news"", ""Official webs"", ""Basel"", ""Vienna"", ""WTA Elite Trophy"", ""TennisExplorer"", ""on Facebook"", ""Baez - Burruchaga"", ""25.05.2026"", "", 11:00,"", ""French Open"", "", 1. round, clay"", ""Baez Sebastian"", ""Burruchaga Roman Andres"", ""62."", ""Singles ranking"", ""66."", ""28. 12. 2000"", ""Birthdate"", ""23. 1. 2002"", ""170 cm"", ""Height"", ""-"", ""70 kg"", ""Weight"", ""-"", ""right"", ""Plays"", ""right"", ""-"", ""Turned pro"", ""-"", ""Live streams"", ""1xBet"", ""W/L - 2026"", ""Career - Baez"", ""Career - Burruchaga"", ""Surface"", ""Baez Sebastian"", ""Burruchaga Roman Andres"", ""Indoors"", ""-"", ""-"", ""Clay"", ""8/10"", ""18/9"", ""Grass"", ""-"", ""-"", ""Hard"", ""10/4"", ""2/4"", ""Not set"", ""-"", ""-"", ""Year"", ""Summary"", ""Clay"", ""Hard"", ""Indoors"", ""Grass"", ""Not set"", ""Summary:"", ""304/198"", ""240/119"", ""54/47"", ""3/17"", ""4/10"", ""3/5"", ""2026"", ""18/14"", ""8/10"", ""10/4"", ""-"", ""-"", ""-"", ""2025"", ""24/28"", ""20/14"", ""3/9"", ""0/3"", ""1/2"", ""-"", ""2024"", ""31/30"", ""25/13"", ""5/9"", ""0/3"", ""0/3"", ""1/2"", ""2023"", ""36/28"", ""24/14"", ""9/7"", ""1/5"", ""1/2"", ""1/0"", ""2022"", ""35/35"", ""26/15"", ""6/12"", ""0/3"", ""2/2"", ""1/3"", ""2021""]",Baez - Burruchaga
,,3.79,1.27,ok,3211749,https://www.tennisexplorer.com/match-detail/?id=3211749,Merida Aguilar,Shelton,Merida Aguilar Daniel,Shelton Ben,,10.44,1.48,,2.47,1.02,5.71,2.32,1.11,1.55,fallback_parser_order,"[""Tennis Explorer - Match detail"", ""New registration"", ""|"", ""Lost password"", ""TennisExplorer"", ""LIVE Scores"", ""24.05. 05:48,"", ""GMT+1"", ""Home page"", ""Today's matches"", ""Rankings"", ""Players"", ""LIVE Scores"", ""Results"", ""Tours calendar"", ""Tennis news"", ""Official webs"", ""Basel"", ""Vienna"", ""WTA Elite Trophy"", ""TennisExplorer"", ""on Facebook"", ""Merida Aguilar - Shelton"", ""25.05.2026"", "", 11:00,"", ""French Open"", "", 1. round, clay"", ""Merida Aguilar Daniel"", ""Shelton Ben"", ""86."", ""Singles ranking"", ""6."", ""26. 9. 2004"", ""Birthdate"", ""9. 10. 2002"", ""-"", ""Height"", ""-"", ""-"", ""Weight"", ""-"", ""right"", ""Plays"", ""left"", ""-"", ""Turned pro"", ""-"", ""Live streams"", ""1xBet"", ""W/L - 2026"", ""Career - Merida Aguilar"", ""Career - Shelton"", ""Surface"", ""Merida Aguilar Daniel"", ""Shelton Ben"", ""Indoors"", ""0/1"", ""5/0"", ""Clay"", ""13/6"", ""7/4"", ""Grass"", ""-"", ""-"", ""Hard"", ""12/5"", ""6/4"", ""Not set"", ""-"", ""-"", ""Year"", ""Summary"", ""Clay"", ""Hard"", ""Indoors"", ""Grass"", ""Not set"", ""Summary:"", ""213/146"", ""142/91"", ""69/45"", ""2/10"", ""-"", ""-"", ""2026"", ""25/12"", ""13/6"", ""12/5"", ""0/1"", ""-"", ""-"", ""2025"", ""52/27"", ""37/17"", ""15/5"", ""0/5"", ""-"", ""-"", ""2024"", ""57/33"", ""39/22"", ""17/9"", ""1/2"", ""-"", ""-"", ""2023"", ""37/31"", ""20/17"", ""16/13"", ""1/1"", ""-"", ""-"", ""2022"", ""29/26"", ""21/16"", ""8/9"", ""0/1"", ""-"", ""-"", ""2021""]",Merida Aguilar - Shelton
1,1,1.06,8.89,ok,3211747,https://www.tennisexplorer.com/match-detail/?id=3211747,Collignon,Vukic,Collignon Raphael,Vukic Aleksandar,,1.65,0.0,,24.13,2.1,1.17,1.02,4.5,12.42,fallback_parser_order,"[""Tennis Explorer - Match detail"", ""New registration"", ""|"", ""Lost password"", ""TennisExplorer"", ""LIVE Scores"", ""24.05. 05:48,"", ""GMT+1"", ""Home page"", ""Today's matches"", ""Rankings"", ""Players"", ""LIVE Scores"", ""Results"", ""Tours calendar"", ""Tennis news"", ""Official webs"", ""Basel"", ""Vienna"", ""WTA Elite Trophy"", ""TennisExplorer"", ""on Facebook"", ""Collignon - Vukic"", ""25.05.2026"", "", 11:00,"", ""French Open"", "", 1. round, clay"", ""Collignon Raphael"", ""Vukic Aleksandar"", ""64."", ""Singles ranking"", ""100."", ""13. 1. 2002"", ""Birthdate"", ""6. 4. 1996"", ""-"", ""Height"", ""188 cm"", ""-"", ""Weight"", ""84 kg"", ""right"", ""Plays"", ""right"", ""-"", ""Turned pro"", ""-"", ""Live streams"", ""1xBet"", ""W/L - 2026"", ""Career - Collignon"", ""Career - Vukic"", ""Surface"", ""Collignon Raphael"", ""Vukic Aleksandar"", ""Indoors"", ""5/0"", ""-"", ""Clay"", ""10/2"", ""2/7"", ""Grass"", ""-"", ""-"", ""Hard"", ""8/6"", ""6/9"", ""Not set"", ""-"", ""-"", ""Year"", ""Summary"", ""Clay"", ""Hard"", ""Indoors"", ""Grass"", ""Not set"", ""Summary:"", ""252/120"", ""134/48"", ""46/33"", ""66/34"", ""1/2"", ""5/3"", ""2026"", ""25/8"", ""10/2"", ""8/6"", ""5/0"", ""-"", ""2/0"", ""2025"", ""46/24"", ""19/10"", ""2/4"", ""22/8"", ""0/1"", ""3/1"", ""2024"", ""77/23"", ""50/8"", ""5/3"", ""22/10"", ""-"", ""0/2"", ""2023"", ""15/17"", ""6/6"", ""-"", ""8/10"", ""1/1"", ""-"", ""2022"", ""61/22"", ""38/12"", ""14/4"", ""9/6"", ""-"", ""-"", ""2021""]",Collignon - Vukic
0,3,5.31,1.16,ok,3211745,https://www.tennisexplorer.com/match-detail/?id=3211745,Muller,Tsitsipas,Muller Alexandre,Tsitsipas Stefanos,,14.81,1.7,,2.06,1.01,8.01,3.01,1.06,1.34,fallback_parser_order,"[""Tennis Explorer - Match detail"", ""New registration"", ""|"", ""Lost password"", ""TennisExplorer"", ""LIVE Scores"", ""24.05. 05:48,"", ""GMT+1"", ""Home page"", ""Today's matches"", ""Rankings"", ""Players"", ""LIVE Scores"", ""Results"", ""Tours calendar"", ""Tennis news"", ""Official webs"", ""Basel"", ""Vienna"", ""WTA Elite Trophy"", ""TennisExplorer"", ""on Facebook"", ""Muller - Tsitsipas"", ""25.05.2026"", "", 11:00,"", ""French Open"", "", 1. round, clay"", ""Muller Alexandre"", ""Tsitsipas Stefanos"", ""108."", ""Singles ranking"", ""82."", ""1. 2. 1997"", ""Birthdate"", ""12. 8. 1998"", ""183 cm"", ""Height"", ""193 cm"", ""75 kg"", ""Weight"", ""89 kg"", ""right"", ""Plays"", ""right"", ""-"", ""Turned pro"", ""-"", ""Live streams"", ""1xBet"", ""W/L - 2026"", ""Career - Muller"", ""Career - Tsitsipas"", ""Surface"", ""Muller Alexandre"", ""Tsitsipas Stefanos"", ""Indoors"", ""-"", ""1/1"", ""Clay"", ""7/9"", ""4/5"", ""Grass"", ""-"", ""-"", ""Hard"", ""2/4"", ""9/7"", ""Not set"", ""-"", ""-"", ""Year"", ""Summary"", ""Clay"", ""Hard"", ""Indoors"", ""Grass"", ""Not set"", ""Summary:"", ""492/348"", ""272/177"", ""159/102"", ""58/60"", ""3/8"", ""0/1"", ""2026"", ""9/14"", ""7/9"", ""2/4"", ""-"", ""-"", ""0/1"", ""2025"", ""26/29"", ""11/10"", ""12/12"", ""3/4"", ""0/3"", ""-"", ""2024"", ""35/33"", ""20/12"", ""11/14"", ""3/6"", ""1/1"", ""-"", ""2023"", ""52/34"", ""20/12"", ""20/13"", ""11/8"", ""1/1"", ""-"", ""2022"", ""39/33"", ""28/22"", ""6/6"", ""4/4"", ""1/1"", ""-"", ""2021""]",Muller - Tsitsipas
,,2.07,1.75,ok,3211743,https://www.tennisexplorer.com/match-detail/?id=3211743,Griekspoor,Arnaldi,Griekspoor Tallon,Arnaldi Matteo,,5.43,1.19,,4.16,1.12,2.83,1.55,1.38,2.34,fallback_parser_order,"[""Tennis Explorer - Match detail"", ""New registration"", ""|"", ""Lost password"", ""TennisExplorer"", ""LIVE Scores"", ""24.05. 05:48,"", ""GMT+1"", ""Home page"", ""Today's matches"", ""Rankings"", ""Players"", ""LIVE Scores"", ""Results"", ""Tours calendar"", ""Tennis news"", ""Official webs"", ""Basel"", ""Vienna"", ""WTA Elite Trophy"", ""TennisExplorer"", ""on Facebook"", ""Griekspoor - Arnaldi"", ""25.05.2026"", "", 11:00,"", ""French Open"", "", 1. round, clay"", ""Griekspoor Tallon"", ""Arnaldi Matteo"", ""31."", ""Singles ranking"", ""96."", ""2. 7. 1996"", ""Birthdate"", ""22. 2. 2001"", ""188 cm"", ""Height"", ""-"", ""85 kg"", ""Weight"", ""-"", ""right"", ""Plays"", ""right"", ""-"", ""Turned pro"", ""-"", ""Live streams"", ""1xBet"", ""W/L - 2026"", ""Career - Griekspoor"", ""Career - Arnaldi"", ""Surface"", ""Griekspoor Tallon"", ""Arnaldi Matteo"", ""Indoors"", ""3/2"", ""-"", ""Clay"", ""3/6"", ""8/6"", ""Grass"", ""-"", ""-"", ""Hard"", ""4/5"", ""1/4"", ""Not set"", ""-"", ""-"", ""Year"", ""Summary"", ""Clay"", ""Hard"", ""Indoors"", ""Grass"", ""Not set"", ""Summary:"", ""459/289"", ""202/121"", ""153/89"", ""67/55"", ""26/13"", ""11/11"", ""2026"", ""10/12"", ""3/6"", ""4/4"", ""3/2"", ""-"", ""-"", ""2025"", ""33/25"", ""14/9"", ""10/11"", ""5/4"", ""4/1"", ""-"", ""2024"", ""34/33"", ""9/11"", ""10/11"", ""7/4"", ""4/3"", ""4/4"", ""2023"", ""39/24"", ""6/5"", ""14/10"", ""9/5"", ""7/2"", ""3/2"", ""2022"", ""34/29"", ""17/8"", ""5/6"", ""2/9"", ""7/4"", ""3/2"", ""2021""]",Griekspoor - Arnaldi
,,8.3,1.07,ok,3211741,https://www.tennisexplorer.com/match-detail/?id=3211741,Spizzirri,Tiafoe,Spizzirri Eliot,Tiafoe Frances,,22.38,2.1,,1.62,0.0,11.42,4.44,1.02,1.17,fallback_parser_order,"[""Tennis Explorer - Match detail"", ""New registration"", ""|"", ""Lost password"", ""TennisExplorer"", ""LIVE Scores"", ""24.05. 05:48,"", ""GMT+1"", ""Home page"", ""Today's matches"", ""Rankings"", ""Players"", ""LIVE Scores"", ""Results"", ""Tours calendar"", ""Tennis news"", ""Official webs"", ""Basel"", ""Vienna"", ""WTA Elite Trophy"", ""TennisExplorer"", ""on Facebook"", ""Spizzirri - Tiafoe"", ""25.05.2026"", "", 11:00,"", ""French Open"", "", 1. round, clay"", ""Spizzirri Eliot"", ""Tiafoe Frances"", ""92."", ""Singles ranking"", ""21."", ""23. 12. 2001"", ""Birthdate"", ""20. 1. 1998"", ""185 cm"", ""Height"", ""188 cm"", ""-"", ""Weight"", ""86 kg"", ""right"", ""Plays"", ""right"", ""-"", ""Turned pro"", ""-"", ""Live streams"", ""1xBet"", ""W/L - 2026"", ""Career - Spizzirri"", ""Career - Tiafoe"", ""Surface"", ""Spizzirri Eliot"", ""Tiafoe Frances"", ""Indoors"", ""1/1"", ""1/1"", ""Clay"", ""-"", ""4/3"", ""Grass"", ""-"", ""-"", ""Hard"", ""6/3"", ""14/7"", ""Not set"", ""-"", ""-"", ""Year"", ""Summary"", ""Clay"", ""Hard"", ""Indoors"", ""Grass"", ""Not set"", ""Summary:"", ""127/76"", ""10/10"", ""83/44"", ""28/14"", ""6/8"", ""-"", ""2026"", ""7/4"", ""-"", ""6/3"", ""1/1"", ""-"", ""-"", ""2025"", ""56/31"", ""7/6"", ""27/14"", ""17/5"", ""5/6"", ""-"", ""2024"", ""35/17"", ""-"", ""28/11"", ""6/5"", ""1/1"", ""-"", ""2023"", ""9/10"", ""-"", ""6/7"", ""3/2"", ""0/1"", ""-"", ""2021"", ""15/4"", ""-"", ""15/4"", ""-"", ""-"", ""-"", ""2019""]",Spizzirri - Tiafoe
0,1,2.05,1.76,ok,3211739,https://www.tennisexplorer.com/match-detail/?id=3211739,Munar,Hurkacz,Munar Jaume,Hurkacz Hubert,,5.23,1.18,,4.16,1.13,2.85,1.53,1.37,2.37,fallback_parser_order,"[""Tennis Explorer - Match detail"", ""New registration"", ""|"", ""Lost password"", ""TennisExplorer"", ""LIVE Scores"", ""24.05. 05:48,"", ""GMT+1"", ""Home page"", ""Today's matches"", ""Rankings"", ""Players"", ""LIVE Scores"", ""Results"", ""Tours calendar"", ""Tennis news"", ""Official webs"", ""Basel"", ""Vienna"", ""WTA Elite Trophy"", ""TennisExplorer"", ""on Facebook"", ""Munar - Hurkacz"", ""25.05.2026"", "", 11:00,"", ""French Open"", "", 1. round, clay"", ""Munar Jaume"", ""Hurkacz Hubert"", ""39."", ""Singles ranking"", ""78."", ""5. 5. 1997"", ""Birthdate"", ""11. 2. 1997"", ""183 cm"", ""Height"", ""196 cm"", ""76 kg"", ""Weight"", ""81 kg"", ""right"", ""Plays"", ""right"", ""-"", ""Turned pro"", ""-"", ""Live streams"", ""1xBet"", ""W/L - 2026"", ""Career - Munar"", ""Career - Hurkacz"", ""Surface"", ""Munar Jaume"", ""Hurkacz Hubert"", ""Indoors"", ""2/1"", ""0/2"", ""Clay"", ""5/5"", ""7/4"", ""Grass"", ""-"", ""-"", ""Hard"", ""3/4"", ""5/6"", ""Not set"", ""-"", ""-"", ""Year"", ""Summary"", ""Clay"", ""Hard"", ""Indoors"", ""Grass"", ""Not set"", ""Summary:"", ""451/333"", ""337/196"", ""84/80"", ""23/37"", ""6/16"", ""1/4"", ""2026"", ""9/10"", ""4/5"", ""3/4"", ""2/1"", ""-"", ""-"", ""2025"", ""31/29"", ""6/9"", ""15/11"", ""6/3"", ""3/3"", ""1/3"", ""2024"", ""33/34"", ""26/19"", ""5/9"", ""1/4"", ""1/2"", ""-"", ""2023"", ""32/31"", ""27/20"", ""1/7"", ""3/3"", ""1/1"", ""-"", ""2022"", ""47/30"", ""30/13"", ""14/10"", ""2/5"", ""1/2"", ""-"", ""2021""]",Munar - Hurkacz
3,5,1.26,3.79,ok,3211737,https://www.tennisexplorer.com/match-detail/?id=3211737,Bublik,Struff,Bublik Alexander,Struff Jan-Lennard,,2.52,1.02,,11.69,1.47,1.54,1.12,2.34,5.6,fallback_parser_order,"[""Tennis Explorer - Match detail"", ""New registration"", ""|"", ""Lost password"", ""TennisExplorer"", ""LIVE Scores"", ""24.05. 05:48,"", ""GMT+1"", ""Home page"", ""Today's matches"", ""Rankings"", ""Players"", ""LIVE Scores"", ""Results"", ""Tours calendar"", ""Tennis news"", ""Official webs"", ""Basel"", ""Vienna"", ""WTA Elite Trophy"", ""TennisExplorer"", ""on Facebook"", ""Bublik - Struff"", ""25.05.2026"", "", 11:00,"", ""French Open"", "", 1. round, clay"", ""Bublik Alexander"", ""Struff Jan-Lennard"", ""10."", ""Singles ranking"", ""79."", ""17. 6. 1997"", ""Birthdate"", ""25. 4. 1990"", ""198 cm"", ""Height"", ""193 cm"", ""77 kg"", ""Weight"", ""92 kg"", ""right"", ""Plays"", ""right"", ""-"", ""Turned pro"", ""-"", ""Live streams"", ""1xBet"", ""W/L - 2026"", ""Career - Bublik"", ""Career - Struff"", ""Surface"", ""Bublik Alexander"", ""Struff Jan-Lennard"", ""Indoors"", ""3/1"", ""1/1"", ""Clay"", ""5/5"", ""2/5"", ""Grass"", ""-"", ""-"", ""Hard"", ""10/6"", ""4/8"", ""Not set"", ""-"", ""-"", ""Year"", ""Summary"", ""Clay"", ""Hard"", ""Indoors"", ""Grass"", ""Not set"", ""Summary:"", ""430/311"", ""91/73"", ""157/125"", ""121/74"", ""49/30"", ""12/9"", ""2026"", ""19/13"", ""5/5"", ""10/6"", ""3/1"", ""-"", ""1/1"", ""2025"", ""48/24"", ""23/6"", ""12/10"", ""8/6"", ""5/1"", ""0/1"", ""2024"", ""26/29"", ""5/6"", ""10/14"", ""6/3"", ""5/5"", ""0/1"", ""2023"", ""28/30"", ""5/7"", ""3/12"", ""9/7"", ""9/2"", ""2/2"", ""2022"", ""33/27"", ""2/6"", ""5/8"", ""14/6"", ""9/5"", ""3/2"", ""2021""]",Bublik - Struff
1,1,3.23,1.34,ok,3211735,https://www.tennisexplorer.com/match-detail/?id=3211735,Ofner,Darderi,Ofner Sebastian,Darderi Luciano,,8.58,1.39,,2.72,1.04,4.56,2.08,1.17,1.68,fallback_parser_order,"[""Tennis Explorer - Match detail"", ""New registration"", ""|"", ""Lost password"", ""TennisExplorer"", ""LIVE Scores"", ""24.05. 05:48,"", ""GMT+1"", ""Home page"", ""Today's matches"", ""Rankings"", ""Players"", ""LIVE Scores"", ""Results"", ""Tours calendar"", ""Tennis news"", ""Official webs"", ""Basel"", ""Vienna"", ""WTA Elite Trophy"", ""TennisExplorer"", ""on Facebook"", ""Ofner - Darderi"", ""25.05.2026"", "", 11:00,"", ""French Open"", "", 1. round, clay"", ""Ofner Sebastian"", ""Darderi Luciano"", ""91."", ""Singles ranking"", ""16."", ""12. 5. 1996"", ""Birthdate"", ""14. 2. 2002"", ""191 cm"", ""Height"", ""-"", ""81 kg"", ""Weight"", ""-"", ""right"", ""Plays"", ""right"", ""-"", ""Turned pro"", ""-"", ""Live streams"", ""1xBet"", ""W/L - 2026"", ""Career - Ofner"", ""Career - Darderi"", ""Surface"", ""Ofner Sebastian"", ""Darderi Luciano"", ""Indoors"", ""10/1"", ""-"", ""Clay"", ""10/8"", ""17/8"", ""Grass"", ""-"", ""-"", ""Hard"", ""1/3"", ""4/4"", ""Not set"", ""-"", ""-"", ""Year"", ""Summary"", ""Clay"", ""Hard"", ""Indoors"", ""Grass"", ""Not set"", ""Summary:"", ""439/319"", ""232/163"", ""118/84"", ""58/47"", ""30/21"", ""1/4"", ""2026"", ""21/13"", ""10/8"", ""1/3"", ""10/1"", ""-"", ""0/1"", ""2025"", ""21/19"", ""17/10"", ""0/5"", ""0/1"", ""4/3"", ""-"", ""2024"", ""19/26"", ""8/14"", ""6/8"", ""-"", ""4/4"", ""1/0"", ""2023"", ""62/31"", ""39/13"", ""12/10"", ""7/5"", ""4/2"", ""0/1"", ""2022"", ""32/20"", ""25/13"", ""4/4"", ""0/1"", ""3/2"", ""-"", ""2021""]",Ofner - Darderi
0,1,2.13,1.7,ok,3211733,https://www.tennisexplorer.com/match-detail/?id=3211733,Quinn,Comesana,Quinn Ethan,Comesana Francisco,,5.63,1.2,,4.08,1.12,2.93,1.57,1.35,2.27,fallback_parser_order,"[""Tennis Explorer - Match detail"", ""New registration"", ""|"", ""Lost password"", ""TennisExplorer"", ""LIVE Scores"", ""24.05. 05:48,"", ""GMT+1"", ""Home page"", ""Today's matches"", ""Rankings"", ""Players"", ""LIVE Scores"", ""Results"", ""Tours calendar"", ""Tennis news"", ""Official webs"", ""Basel"", ""Vienna"", ""WTA Elite Trophy"", ""TennisExplorer"", ""on Facebook"", ""Quinn - Comesana"", ""25.05.2026"", "", 11:00,"", ""French Open"", "", 1. round, clay"", ""Quinn Ethan"", ""Comesana Francisco"", ""49."", ""Singles ranking"", ""114."", ""12. 3. 2004"", ""Birthdate"", ""6. 10. 2000"", ""-"", ""Height"", ""-"", ""-"", ""Weight"", ""-"", ""right"", ""Plays"", ""right"", ""-"", ""Turned pro"", ""-"", ""Live streams"", ""1xBet"", ""W/L - 2026"", ""Career - Quinn"", ""Career - Comesana"", ""Surface"", ""Quinn Ethan"", ""Comesana Francisco"", ""Indoors"", ""1/1"", ""-"", ""Clay"", ""6/7"", ""9/11"", ""Grass"", ""-"", ""-"", ""Hard"", ""10/6"", ""2/5"", ""Not set"", ""-"", ""-"", ""Year"", ""Summary"", ""Clay"", ""Hard"", ""Indoors"", ""Grass"", ""Not set"", ""Summary:"", ""153/111"", ""25/24"", ""89/61"", ""32/21"", ""6/5"", ""1/0"", ""2026"", ""18/14"", ""6/7"", ""10/6"", ""1/1"", ""-"", ""1/0"", ""2025"", ""44/28"", ""11/6"", ""22/14"", ""7/5"", ""4/3"", ""-"", ""2024"", ""33/34"", ""2/7"", ""17/18"", ""13/8"", ""1/1"", ""-"", ""2023"", ""21/16"", ""-"", ""12/11"", ""8/4"", ""1/1"", ""-"", ""2022"", ""30/14"", ""6/4"", ""21/7"", ""3/3"", ""-"", ""-"", ""2021""]",Quinn - Comesana
1,3,2.68,1.46,ok,3211731,https://www.tennisexplorer.com/match-detail/?id=3211731,Fucsovics,Berrettini,Fucsovics Marton,Berrettini Matteo,,7.4,1.32,,3.12,1.07,3.83,1.85,1.22,1.85,fallback_parser_order,"[""Tennis Explorer - Match detail"", ""New registration"", ""|"", ""Lost password"", ""TennisExplorer"", ""LIVE Scores"", ""24.05. 05:48,"", ""GMT+1"", ""Home page"", ""Today's matches"", ""Rankings"", ""Players"", ""LIVE Scores"", ""Results"", ""Tours calendar"", ""Tennis news"", ""Official webs"", ""Basel"", ""Vienna"", ""WTA Elite Trophy"", ""TennisExplorer"", ""on Facebook"", ""Fucsovics - Berrettini"", ""25.05.2026"", "", 11:00,"", ""French Open"", "", 1. round, clay"", ""Fucsovics Marton"", ""Berrettini Matteo"", ""59."", ""Singles ranking"", ""107."", ""8. 2. 1992"", ""Birthdate"", ""12. 4. 1996"", ""188 cm"", ""Height"", ""196 cm"", ""82 kg"", ""Weight"", ""95 kg"", ""right"", ""Plays"", ""right"", ""-"", ""Turned pro"", ""-"", ""Live streams"", ""1xBet"", ""W/L - 2026"", ""Career - Fucsovics"", ""Career - Berrettini"", ""Surface"", ""Fucsovics Marton"", ""Berrettini Matteo"", ""Indoors"", ""0/1"", ""-"", ""Clay"", ""0/3"", ""8/9"", ""Grass"", ""-"", ""-"", ""Hard"", ""6/6"", ""4/3"", ""Not set"", ""-"", ""-"", ""Year"", ""Summary"", ""Clay"", ""Hard"", ""Indoors"", ""Grass"", ""Not set"", ""Summary:"", ""558/407"", ""181/136"", ""167/122"", ""145/106"", ""41/28"", ""24/15"", ""2026"", ""6/10"", ""0/3"", ""6/6"", ""0/1"", ""-"", ""-"", ""2025"", ""41/22"", ""11/9"", ""18/6"", ""2/2"", ""8/3"", ""2/2"", ""2024"", ""24/21"", ""9/6"", ""6/8"", ""8/6"", ""0/1"", ""1/0"", ""2023"", ""35/25"", ""6/6"", ""17/11"", ""5/4"", ""7/2"", ""0/2"", ""2022"", ""30/26"", ""6/5"", ""6/11"", ""13/6"", ""2/3"", ""3/1"", ""2021""]",Fucsovics - Berrettini
,,2.4,1.56,ok,3211729,https://www.tennisexplorer.com/match-detail/?id=3211729,Kopriva,Moutet,Kopriva Vit,Moutet Corentin,,6.45,1.26,,3.48,1.09,3.33,1.72,1.29,2.01,fallback_parser_order,"[""Tennis Explorer - Match detail"", ""New registration"", ""|"", ""Lost password"", ""TennisExplorer"", ""LIVE Scores"", ""24.05. 05:48,"", ""GMT+1"", ""Home page"", ""Today's matches"", ""Rankings"", ""Players"", ""LIVE Scores"", ""Results"", ""Tours calendar"", ""Tennis news"", ""Official webs"", ""Basel"", ""Vienna"", ""WTA Elite Trophy"", ""TennisExplorer"", ""on Facebook"", ""Kopriva - Moutet"", ""25.05.2026"", "", 11:00,"", ""French Open"", "", 1. round, clay"", ""Kopriva Vit"", ""Moutet Corentin"", ""63."", ""Singles ranking"", ""32."", ""15. 6. 1997"", ""Birthdate"", ""19. 4. 1999"", ""178 cm"", ""Height"", ""175 cm"", ""69 kg"", ""Weight"", ""68 kg"", ""right"", ""Plays"", ""left"", ""-"", ""Turned pro"", ""-"", ""Live streams"", ""1xBet"", ""W/L - 2026"", ""Career - Kopriva"", ""Career - Moutet"", ""Surface"", ""Kopriva Vit"", ""Moutet Corentin"", ""Indoors"", ""-"", ""-"", ""Clay"", ""12/10"", ""3/6"", ""Grass"", ""-"", ""-"", ""Hard"", ""6/5"", ""5/6"", ""Not set"", ""-"", ""-"", ""Year"", ""Summary"", ""Clay"", ""Hard"", ""Indoors"", ""Grass"", ""Not set"", ""Summary:"", ""455/315"", ""318/208"", ""95/67"", ""36/34"", ""5/5"", ""1/1"", ""2026"", ""18/15"", ""12/10"", ""6/5"", ""-"", ""-"", ""-"", ""2025"", ""45/30"", ""28/13"", ""12/10"", ""4/5"", ""1/2"", ""-"", ""2024"", ""44/30"", ""24/19"", ""13/9"", ""3/1"", ""3/1"", ""1/0"", ""2023"", ""39/30"", ""35/24"", ""1/4"", ""3/1"", ""0/1"", ""-"", ""2022"", ""41/31"", ""32/20"", ""7/5"", ""1/4"", ""1/1"", ""0/1"", ""2021""]",Kopriva - Moutet
,,4.08,1.24,ok,3211727,https://www.tennisexplorer.com/match-detail/?id=3211727,Fearnley,Cerundolo,Fearnley Jacob,Cerundolo Juan Manuel,,12.22,1.58,,2.27,1.01,6.0,2.55,1.11,1.46,fallback_parser_order,"[""Tennis Explorer - Match detail"", ""New registration"", ""|"", ""Lost password"", ""TennisExplorer"", ""LIVE Scores"", ""24.05. 05:48,"", ""GMT+1"", ""Home page"", ""Today's matches"", ""Rankings"", ""Players"", ""LIVE Scores"", ""Results"", ""Tours calendar"", ""Tennis news"", ""Official webs"", ""Basel"", ""Vienna"", ""WTA Elite Trophy"", ""TennisExplorer"", ""on Facebook"", ""Fearnley - Cerundolo"", ""25.05.2026"", "", 11:00,"", ""French Open"", "", 1. round, clay"", ""Fearnley Jacob"", ""Cerundolo Juan Manuel"", ""122."", ""Singles ranking"", ""54."", ""15. 7. 2001"", ""Birthdate"", ""15. 11. 2001"", ""-"", ""Height"", ""183 cm"", ""-"", ""Weight"", ""68 kg"", ""right"", ""Plays"", ""left"", ""-"", ""Turned pro"", ""-"", ""Live streams"", ""1xBet"", ""W/L - 2026"", ""Career - Fearnley"", ""Career - Cerundolo"", ""Surface"", ""Fearnley Jacob"", ""Cerundolo Juan Manuel"", ""Indoors"", ""0/2"", ""-"", ""Clay"", ""2/2"", ""17/10"", ""Grass"", ""-"", ""-"", ""Hard"", ""4/8"", ""2/3"", ""Not set"", ""-"", ""-"", ""Year"", ""Summary"", ""Clay"", ""Hard"", ""Indoors"", ""Grass"", ""Not set"", ""Summary:"", ""135/61"", ""12/8"", ""39/25"", ""51/16"", ""13/9"", ""20/3"", ""2026"", ""7/12"", ""2/2"", ""4/8"", ""0/2"", ""-"", ""1/0"", ""2025"", ""33/27"", ""10/6"", ""11/10"", ""8/6"", ""3/4"", ""1/1"", ""2024"", ""45/9"", ""-"", ""10/2"", ""26/4"", ""9/3"", ""-"", ""2023"", ""17/4"", ""-"", ""-"", ""16/2"", ""1/2"", ""-"", ""2022"", ""18/3"", ""-"", ""0/1"", ""-"", ""-"", ""18/2"", ""2021""]",Fearnley - Cerundolo
,,1.0,28.1,ok,3211725,https://www.tennisexplorer.com/match-detail/?id=3211725,Sinner,Tabur,Sinner Jannik,Tabur Clement,,1.12,,,89.88,5.38,1.03,0.0,10.7,0.0,fallback_parser_order,"[""Tennis Explorer - Match detail"", ""New registration"", ""|"", ""Lost password"", ""TennisExplorer"", ""LIVE Scores"", ""24.05. 05:48,"", ""GMT+1"", ""Home page"", ""Today's matches"", ""Rankings"", ""Players"", ""LIVE Scores"", ""Results"", ""Tours calendar"", ""Tennis news"", ""Official webs"", ""Basel"", ""Vienna"", ""WTA Elite Trophy"", ""TennisExplorer"", ""on Facebook"", ""Sinner - Tabur"", ""25.05.2026"", "", 11:00,"", ""French Open"", "", 1. round, clay"", ""Sinner Jannik"", ""Tabur Clement"", ""1."", ""Singles ranking"", ""165."", ""16. 8. 2001"", ""Birthdate"", ""24. 1. 2000"", ""188 cm"", ""Height"", ""170 cm"", ""76 kg"", ""Weight"", ""70 kg"", ""right"", ""Plays"", ""right"", ""-"", ""Turned pro"", ""-"", ""Live streams"", ""1xBet"", ""W/L - 2026"", ""Career - Sinner"", ""Career - Tabur"", ""Surface"", ""Sinner Jannik"", ""Tabur Clement"", ""Indoors"", ""0/1"", ""9/6"", ""Clay"", ""17/0"", ""10/5"", ""Grass"", ""-"", ""-"", ""Hard"", ""19/2"", ""2/2"", ""Not set"", ""-"", ""-"", ""Year"", ""Summary"", ""Clay"", ""Hard"", ""Indoors"", ""Grass"", ""Not set"", ""Summary:"", ""456/137"", ""118/45"", ""183/51"", ""111/27"", ""32/13"", ""12/1"", ""2026"", ""36/3"", ""17/0"", ""19/2"", ""0/1"", ""-"", ""-"", ""2025"", ""61/6"", ""11/2"", ""24/3"", ""18/0"", ""8/1"", ""-"", ""2024"", ""78/6"", ""11/2"", ""42/3"", ""13/0"", ""9/1"", ""3/0"", ""2023"", ""64/15"", ""8/3"", ""28/7"", ""17/2"", ""8/3"", ""3/0"", ""2022"", ""47/16"", ""15/4"", ""21/6"", ""4/3"", ""4/2"", ""3/1"", ""2021""]",Sinner - Tabur
0,1,3.28,1.33,ok,3211719,https://www.tennisexplorer.com/match-detail/?id=3211719,Kokkinakis,Atmane,Kokkinakis Thanasi,Atmane Terence,,8.79,1.41,,2.7,1.03,4.71,2.12,1.16,1.65,fallback_parser_order,"[""Tennis Explorer - Match detail"", ""New registration"", ""|"", ""Lost password"", ""TennisExplorer"", ""LIVE Scores"", ""24.05. 05:48,"", ""GMT+1"", ""Home page"", ""Today's matches"", ""Rankings"", ""Players"", ""LIVE Scores"", ""Results"", ""Tours calendar"", ""Tennis news"", ""Official webs"", ""Basel"", ""Vienna"", ""WTA Elite Trophy"", ""TennisExplorer"", ""on Facebook"", ""Kokkinakis - Atmane"", ""25.05.2026"", "", 11:00,"", ""French Open"", "", 1. round, clay"", ""Kokkinakis Thanasi"", ""Atmane Terence"", ""854."", ""Singles ranking"", ""51."", ""10. 4. 1996"", ""Birthdate"", ""9. 1. 2002"", ""193 cm"", ""Height"", ""-"", ""84 kg"", ""Weight"", ""-"", ""right"", ""Plays"", ""left"", ""-"", ""Turned pro"", ""-"", ""Live streams"", ""1xBet"", ""W/L - 2026"", ""Career - Kokkinakis"", ""Career - Atmane"", ""Surface"", ""Kokkinakis Thanasi"", ""Atmane Terence"", ""Indoors"", ""-"", ""0/1"", ""Clay"", ""2/1"", ""4/6"", ""Grass"", ""-"", ""-"", ""Hard"", ""1/1"", ""7/8"", ""Not set"", ""-"", ""-"", ""Year"", ""Summary"", ""Clay"", ""Hard"", ""Indoors"", ""Grass"", ""Not set"", ""Summary:"", ""329/205"", ""81/45"", ""220/122"", ""4/8"", ""16/22"", ""8/8"", ""2026"", ""3/0"", ""2/0"", ""1/0"", ""-"", ""-"", ""-"", ""2025"", ""3/1"", ""-"", ""3/1"", ""-"", ""-"", ""-"", ""2024"", ""37/23"", ""11/6"", ""20/14"", ""0/1"", ""3/1"", ""3/1"", ""2023"", ""40/26"", ""8/5"", ""31/18"", ""-"", ""0/2"", ""1/1"", ""2022"", ""23/19"", ""2/3"", ""18/11"", ""-"", ""1/2"", ""2/3"", ""2021""]",Kokkinakis - Atmane
,,7.44,1.09,ok,3211717,https://www.tennisexplorer.com/match-detail/?id=3211717,Kovacevic,Jodar,Kovacevic Aleksandar,Jodar Rafael,,20.79,1.95,,1.74,0.0,10.59,3.9,1.03,1.22,fallback_parser_order,"[""Tennis Explorer - Match detail"", ""New registration"", ""|"", ""Lost password"", ""TennisExplorer"", ""LIVE Scores"", ""24.05. 05:48,"", ""GMT+1"", ""Home page"", ""Today's matches"", ""Rankings"", ""Players"", ""LIVE Scores"", ""Results"", ""Tours calendar"", ""Tennis news"", ""Official webs"", ""Basel"", ""Vienna"", ""WTA Elite Trophy"", ""TennisExplorer"", ""on Facebook"", ""Kovacevic - Jodar"", ""25.05.2026"", "", 11:00,"", ""French Open"", "", 1. round, clay"", ""Kovacevic Aleksandar"", ""Jodar Rafael"", ""94."", ""Singles ranking"", ""29."", ""29. 8. 1998"", ""Birthdate"", ""17. 9. 2006"", ""183 cm"", ""Height"", ""-"", ""76 kg"", ""Weight"", ""-"", ""right"", ""Plays"", ""right"", ""-"", ""Turned pro"", ""-"", ""Live streams"", ""1xBet"", ""W/L - 2026"", ""Career - Kovacevic"", ""Career - Jodar"", ""Surface"", ""Kovacevic Aleksandar"", ""Jodar Rafael"", ""Indoors"", ""3/3"", ""2/1"", ""Clay"", ""7/8"", ""15/3"", ""Grass"", ""-"", ""-"", ""Hard"", ""6/7"", ""16/6"", ""Not set"", ""-"", ""-"", ""Year"", ""Summary"", ""Clay"", ""Hard"", ""Indoors"", ""Grass"", ""Not set"", ""Summary:"", ""242/212"", ""37/46"", ""139/109"", ""61/44"", ""5/13"", ""-"", ""2026"", ""16/18"", ""7/8"", ""6/7"", ""3/3"", ""-"", ""-"", ""2025"", ""34/33"", ""4/7"", ""13/14"", ""16/8"", ""1/4"", ""-"", ""2024"", ""29/35"", ""5/8"", ""19/16"", ""3/7"", ""2/4"", ""-"", ""2023"", ""43/27"", ""0/5"", ""34/15"", ""7/2"", ""2/5"", ""-"", ""2022"", ""41/31"", ""4/4"", ""22/18"", ""15/9"", ""-"", ""-"", ""2021""]",Kovacevic - Jodar
,,3.16,1.35,ok,3211709,https://www.tennisexplorer.com/match-detail/?id=3211709,Buse,Rublev,Buse Ignacio,Rublev Andrey,,8.46,1.39,,2.75,1.04,4.46,2.06,1.18,1.69,fallback_parser_order,"[""Tennis Explorer - Match detail"", ""New registration"", ""|"", ""Lost password"", ""TennisExplorer"", ""LIVE Scores"", ""24.05. 05:48,"", ""GMT+1"", ""Home page"", ""Today's matches"", ""Rankings"", ""Players"", ""LIVE Scores"", ""Results"", ""Tours calendar"", ""Tennis news"", ""Official webs"", ""Basel"", ""Vienna"", ""WTA Elite Trophy"", ""TennisExplorer"", ""on Facebook"", ""Buse - Rublev"", ""25.05.2026"", "", 11:00,"", ""French Open"", "", 1. round, clay"", ""Buse Ignacio"", ""Rublev Andrey"", ""57."", ""Singles ranking"", ""13."", ""25. 3. 2004"", ""Birthdate"", ""20. 10. 1997"", ""-"", ""Height"", ""188 cm"", ""-"", ""Weight"", ""70 kg"", ""right"", ""Plays"", ""right"", ""-"", ""Turned pro"", ""-"", ""Live streams"", ""1xBet"", ""W/L - 2026"", ""Career - Buse"", ""Career - Rublev"", ""Surface"", ""Buse Ignacio"", ""Rublev Andrey"", ""Indoors"", ""-"", ""-"", ""Clay"", ""16/9"", ""8/4"", ""Grass"", ""-"", ""-"", ""Hard"", ""3/2"", ""11/7"", ""Not set"", ""-"", ""-"", ""Year"", ""Summary"", ""Clay"", ""Hard"", ""Indoors"", ""Grass"", ""Not set"", ""Summary:"", ""179/106"", ""140/83"", ""24/15"", ""1/3"", ""0/1"", ""14/4"", ""2026"", ""19/11"", ""16/9"", ""3/2"", ""-"", ""-"", ""-"", ""2025"", ""50/29"", ""40/20"", ""6/5"", ""1/3"", ""0/1"", ""3/0"", ""2024"", ""48/28"", ""45/24"", ""2/2"", ""-"", ""-"", ""1/2"", ""2023"", ""44/21"", ""27/16"", ""7/3"", ""-"", ""-"", ""10/2"", ""2022"", ""13/8"", ""9/6"", ""4/2"", ""-"", ""-"", ""-"", ""2021""]",Buse - Rublev
2,2,1.3,3.56,ok,3211707,https://www.tennisexplorer.com/match-detail/?id=3211707,Auger Aliassime,Altmaier,Auger Aliassime Felix,Altmaier Daniel,,2.52,1.03,,9.74,1.44,1.6,1.13,2.22,5.19,fallback_parser_order,"[""Tennis Explorer - Match detail"", ""New registration"", ""|"", ""Lost password"", ""TennisExplorer"", ""LIVE Scores"", ""24.05. 05:49,"", ""GMT+1"", ""Home page"", ""Today's matches"", ""Rankings"", ""Players"", ""LIVE Scores"", ""Results"", ""Tours calendar"", ""Tennis news"", ""Official webs"", ""Basel"", ""Vienna"", ""WTA Elite Trophy"", ""TennisExplorer"", ""on Facebook"", ""Auger Aliassime - Altmaier"", ""25.05.2026"", "", 11:00,"", ""French Open"", "", 1. round, clay"", ""Auger Aliassime Felix"", ""Altmaier Daniel"", ""5."", ""Singles ranking"", ""65."", ""8. 8. 2000"", ""Birthdate"", ""12. 9. 1998"", ""193 cm"", ""Height"", ""191 cm"", ""88 kg"", ""Weight"", ""88 kg"", ""right"", ""Plays"", ""right"", ""-"", ""Turned pro"", ""-"", ""Live streams"", ""1xBet"", ""W/L - 2026"", ""Career - Auger Aliassime"", ""Career - Altmaier"", ""Surface"", ""Auger Aliassime Felix"", ""Altmaier Daniel"", ""Indoors"", ""8/1"", ""-"", ""Clay"", ""4/4"", ""11/10"", ""Grass"", ""-"", ""-"", ""Hard"", ""9/5"", ""0/6"", ""Not set"", ""-"", ""-"", ""Year"", ""Summary"", ""Clay"", ""Hard"", ""Indoors"", ""Grass"", ""Not set"", ""Summary:"", ""420/245"", ""130/75"", ""141/100"", ""108/46"", ""32/21"", ""9/3"", ""2026"", ""21/10"", ""4/4"", ""9/5"", ""8/1"", ""-"", ""-"", ""2025"", ""52/26"", ""3/6"", ""24/10"", ""19/6"", ""6/4"", ""-"", ""2024"", ""34/25"", ""17/8"", ""6/10"", ""6/5"", ""2/2"", ""3/0"", ""2023"", ""24/20"", ""1/3"", ""13/13"", ""9/2"", ""1/2"", ""-"", ""2022"", ""64/28"", ""11/7"", ""14/9"", ""29/6"", ""5/5"", ""5/1"", ""2021""]",Auger Aliassime - Altmaier
1,3,1.14,5.61,ok,3211703,https://www.tennisexplorer.com/match-detail/?id=3211703,Humbert,Mannarino,Humbert Ugo,Mannarino Adrian,,1.94,0.0,,15.5,1.75,1.31,1.06,3.18,8.2,fallback_parser_order,"[""Tennis Explorer - Match detail"", ""New registration"", ""|"", ""Lost password"", ""TennisExplorer"", ""LIVE Scores"", ""24.05. 05:49,"", ""GMT+1"", ""Home page"", ""Today's matches"", ""Rankings"", ""Players"", ""LIVE Scores"", ""Results"", ""Tours calendar"", ""Tennis news"", ""Official webs"", ""Basel"", ""Vienna"", ""WTA Elite Trophy"", ""TennisExplorer"", ""on Facebook"", ""Humbert - Mannarino"", ""25.05.2026"", "", 11:00,"", ""French Open"", "", 1. round, clay"", ""Humbert Ugo"", ""Mannarino Adrian"", ""34."", ""Singles ranking"", ""44."", ""26. 6. 1998"", ""Birthdate"", ""29. 6. 1988"", ""188 cm"", ""Height"", ""180 cm"", ""73 kg"", ""Weight"", ""79 kg"", ""left"", ""Plays"", ""left"", ""-"", ""Turned pro"", ""-"", ""Live streams"", ""1xBet"", ""W/L - 2026"", ""Career - Humbert"", ""Career - Mannarino"", ""Surface"", ""Humbert Ugo"", ""Mannarino Adrian"", ""Indoors"", ""4/2"", ""5/3"", ""Clay"", ""4/4"", ""0/7"", ""Grass"", ""-"", ""-"", ""Hard"", ""7/9"", ""2/7"", ""Not set"", ""-"", ""-"", ""Year"", ""Summary"", ""Clay"", ""Hard"", ""Indoors"", ""Grass"", ""Not set"", ""Summary:"", ""391/260"", ""54/61"", ""165/100"", ""135/72"", ""31/25"", ""6/2"", ""2026"", ""15/15"", ""4/4"", ""7/9"", ""4/2"", ""-"", ""-"", ""2025"", ""28/23"", ""2/5"", ""10/11"", ""11/3"", ""4/4"", ""1/0"", ""2024"", ""41/26"", ""5/7"", ""20/11"", ""10/3"", ""5/4"", ""1/1"", ""2023"", ""49/26"", ""13/5"", ""17/11"", ""12/5"", ""3/4"", ""4/1"", ""2022"", ""33/29"", ""3/7"", ""16/11"", ""11/6"", ""3/5"", ""-"", ""2021""]",Humbert - Mannarino
0,1,3.8,1.27,ok,3211697,https://www.tennisexplorer.com/match-detail/?id=3211697,Carreno-Busta,Lehecka,Carreno-Busta Pablo,Lehecka Jiri,,10.36,1.48,,2.43,1.02,5.5,2.3,1.12,1.56,fallback_parser_order,"[""Tennis Explorer - Match detail"", ""New registration"", ""|"", ""Lost password"", ""TennisExplorer"", ""LIVE Scores"", ""24.05. 05:49,"", ""GMT+1"", ""Home page"", ""Today's matches"", ""Rankings"", ""Players"", ""LIVE Scores"", ""Results"", ""Tours calendar"", ""Tennis news"", ""Official webs"", ""Basel"", ""Vienna"", ""WTA Elite Trophy"", ""TennisExplorer"", ""on Facebook"", ""Carreno-Busta - Lehecka"", ""25.05.2026"", "", 11:00,"", ""French Open"", "", 1. round, clay"", ""Carreno-Busta Pablo"", ""Lehecka Jiri"", ""90."", ""Singles ranking"", ""14."", ""12. 7. 1991"", ""Birthdate"", ""8. 11. 2001"", ""188 cm"", ""Height"", ""183 cm"", ""78 kg"", ""Weight"", ""80 kg"", ""right"", ""Plays"", ""right"", ""-"", ""Turned pro"", ""-"", ""Live streams"", ""1xBet"", ""W/L - 2026"", ""Career - Carreno-Busta"", ""Career - Lehecka"", ""Surface"", ""Carreno-Busta Pablo"", ""Lehecka Jiri"", ""Indoors"", ""1/2"", ""-"", ""Clay"", ""14/5"", ""6/3"", ""Grass"", ""-"", ""-"", ""Hard"", ""7/5"", ""10/6"", ""Not set"", ""-"", ""-"", ""Year"", ""Summary"", ""Clay"", ""Hard"", ""Indoors"", ""Grass"", ""Not set"", ""Summary:"", ""669/380"", ""400/200"", ""213/112"", ""43/44"", ""7/15"", ""6/9"", ""2026"", ""21/11"", ""13/4"", ""7/5"", ""1/2"", ""-"", ""-"", ""2025"", ""41/28"", ""13/13"", ""25/10"", ""1/2"", ""-"", ""2/3"", ""2024"", ""10/12"", ""2/4"", ""7/6"", ""0/1"", ""0/1"", ""1/0"", ""2023"", ""2/5"", ""-"", ""2/4"", ""0/1"", ""-"", ""-"", ""2022"", ""37/25"", ""11/9"", ""19/8"", ""5/4"", ""2/3"", ""0/1"", ""2021""]",Carreno-Busta - Lehecka
,,2.3,1.61,ok,3211691,https://www.tennisexplorer.com/match-detail/?id=3211691,Shevchenko,Michelsen,Shevchenko Alexander,Michelsen Alex,,5.91,1.25,,3.51,1.1,3.2,1.68,1.31,2.08,fallback_parser_order,"[""Tennis Explorer - Match detail"", ""New registration"", ""|"", ""Lost password"", ""TennisExplorer"", ""LIVE Scores"", ""24.05. 05:49,"", ""GMT+1"", ""Home page"", ""Today's matches"", ""Rankings"", ""Players"", ""LIVE Scores"", ""Results"", ""Tours calendar"", ""Tennis news"", ""Official webs"", ""Basel"", ""Vienna"", ""WTA Elite Trophy"", ""TennisExplorer"", ""on Facebook"", ""Shevchenko - Michelsen"", ""25.05.2026"", "", 11:00,"", ""French Open"", "", 1. round, clay"", ""Shevchenko Alexander"", ""Michelsen Alex"", ""89."", ""Singles ranking"", ""41."", ""29. 11. 2000"", ""Birthdate"", ""25. 8. 2004"", ""185 cm"", ""Height"", ""-"", ""70 kg"", ""Weight"", ""-"", ""right"", ""Plays"", ""right"", ""-"", ""Turned pro"", ""-"", ""Live streams"", ""1xBet"", ""W/L - 2026"", ""Career - Shevchenko"", ""Career - Michelsen"", ""Surface"", ""Shevchenko Alexander"", ""Michelsen Alex"", ""Indoors"", ""2/2"", ""1/1"", ""Clay"", ""6/7"", ""4/6"", ""Grass"", ""-"", ""-"", ""Hard"", ""9/8"", ""11/6"", ""Not set"", ""-"", ""-"", ""Year"", ""Summary"", ""Clay"", ""Hard"", ""Indoors"", ""Grass"", ""Not set"", ""Summary:"", ""312/238"", ""202/132"", ""67/61"", ""39/34"", ""2/9"", ""2/2"", ""2026"", ""17/18"", ""6/7"", ""9/8"", ""2/2"", ""-"", ""0/1"", ""2025"", ""33/35"", ""19/16"", ""10/12"", ""1/4"", ""1/3"", ""2/0"", ""2024"", ""23/40"", ""6/12"", ""8/13"", ""8/9"", ""1/5"", ""0/1"", ""2023"", ""47/35"", ""19/13"", ""16/15"", ""12/6"", ""0/1"", ""-"", ""2022"", ""52/36"", ""43/26"", ""2/4"", ""7/6"", ""-"", ""-"", ""2021""]",Shevchenko - Michelsen
0,1,11.68,1.04,ok,3211689,https://www.tennisexplorer.com/match-detail/?id=3211689,Hijikata,Paul,Hijikata Rinky,Paul Tommy,,32.63,2.4,,1.47,0.0,14.75,5.83,1.02,1.11,fallback_parser_order,"[""Tennis Explorer - Match detail"", ""New registration"", ""|"", ""Lost password"", ""TennisExplorer"", ""LIVE Scores"", ""24.05. 05:49,"", ""GMT+1"", ""Home page"", ""Today's matches"", ""Rankings"", ""Players"", ""LIVE Scores"", ""Results"", ""Tours calendar"", ""Tennis news"", ""Official webs"", ""Basel"", ""Vienna"", ""WTA Elite Trophy"", ""TennisExplorer"", ""on Facebook"", ""Hijikata - Paul"", ""25.05.2026"", "", 11:00,"", ""French Open"", "", 1. round, clay"", ""Hijikata Rinky"", ""Paul Tommy"", ""102."", ""Singles ranking"", ""26."", ""23. 2. 2001"", ""Birthdate"", ""17. 5. 1997"", ""178 cm"", ""Height"", ""185 cm"", ""68 kg"", ""Weight"", ""82 kg"", ""right"", ""Plays"", ""right"", ""-"", ""Turned pro"", ""-"", ""Live streams"", ""1xBet"", ""W/L - 2026"", ""Career - Hijikata"", ""Career - Paul"", ""Surface"", ""Hijikata Rinky"", ""Paul Tommy"", ""Indoors"", ""-"", ""1/1"", ""Clay"", ""6/6"", ""9/3"", ""Grass"", ""-"", ""-"", ""Hard"", ""16/9"", ""13/6"", ""Not set"", ""-"", ""-"", ""Year"", ""Summary"", ""Clay"", ""Hard"", ""Indoors"", ""Grass"", ""Not set"", ""Summary:"", ""292/192"", ""30/36"", ""221/121"", ""18/15"", ""23/19"", ""0/1"", ""2026"", ""21/16"", ""6/6"", ""15/9"", ""-"", ""-"", ""0/1"", ""2025"", ""34/33"", ""4/7"", ""20/17"", ""6/5"", ""4/4"", ""-"", ""2024"", ""36/33"", ""1/6"", ""29/21"", ""1/1"", ""5/5"", ""-"", ""2023"", ""47/35"", ""0/3"", ""38/24"", ""0/2"", ""9/6"", ""-"", ""2022"", ""53/29"", ""2/2"", ""37/19"", ""10/6"", ""4/2"", ""-"", ""2021""]",Hijikata - Paul
,,1.17,5.13,ok,3211681,https://www.tennisexplorer.com/match-detail/?id=3211681,Navone,Brooksby,Navone Mariano,Brooksby Jenson,,2.0,1.01,,13.44,1.73,1.34,1.07,3.03,7.37,fallback_parser_order,"[""Tennis Explorer - Match detail"", ""New registration"", ""|"", ""Lost password"", ""TennisExplorer"", ""LIVE Scores"", ""24.05. 05:49,"", ""GMT+1"", ""Home page"", ""Today's matches"", ""Rankings"", ""Players"", ""LIVE Scores"", ""Results"", ""Tours calendar"", ""Tennis news"", ""Official webs"", ""Basel"", ""Vienna"", ""WTA Elite Trophy"", ""TennisExplorer"", ""on Facebook"", ""Navone - Brooksby"", ""25.05.2026"", "", 11:00,"", ""French Open"", "", 1. round, clay"", ""Navone Mariano"", ""Brooksby Jenson"", ""42."", ""Singles ranking"", ""60."", ""27. 2. 2001"", ""Birthdate"", ""26. 10. 2000"", ""-"", ""Height"", ""188 cm"", ""-"", ""Weight"", ""82 kg"", ""right"", ""Plays"", ""right"", ""-"", ""Turned pro"", ""-"", ""Live streams"", ""1xBet"", ""W/L - 2026"", ""Career - Navone"", ""Career - Brooksby"", ""Surface"", ""Navone Mariano"", ""Brooksby Jenson"", ""Indoors"", ""-"", ""0/1"", ""Clay"", ""14/8"", ""0/5"", ""Grass"", ""-"", ""-"", ""Hard"", ""6/5"", ""4/6"", ""Not set"", ""-"", ""-"", ""Year"", ""Summary"", ""Clay"", ""Hard"", ""Indoors"", ""Grass"", ""Not set"", ""Summary:"", ""282/178"", ""261/139"", ""17/28"", ""1/4"", ""2/6"", ""1/1"", ""2026"", ""20/13"", ""14/8"", ""6/5"", ""-"", ""-"", ""-"", ""2025"", ""38/31"", ""30/16"", ""5/12"", ""-"", ""2/2"", ""1/1"", ""2024"", ""30/28"", ""27/14"", ""2/7"", ""1/4"", ""0/3"", ""-"", ""2023"", ""41/23"", ""41/21"", ""0/1"", ""-"", ""0/1"", ""-"", ""2022"", ""44/25"", ""44/24"", ""0/1"", ""-"", ""-"", ""-"", ""2021""]",Navone - Brooksby
